chr1	750
chr1	802
chr1	855
chr1	874
chr1	1626
chr1	1641
chr1	1647
chr1	1738
chr1	1739
chr1	1740
chr1	2325
chr1	2329
chr1	2343
chr1	2394
chr1	2396
chr1	2431
chr1	2488
chr1	2531
chr1	2572
chr1	2778
chr1	2922
chr1	2926
chr1	2936
chr1	2958
chr1	2972
chr1	2999
chr1	3080
chr1	3423
chr1	3605
chr1	3609
chr1	3703
chr1	4089
chr1	4159
chr1	4268
chr1	4325
chr1	4341
chr1	4417
chr1	4520
chr1	4798
chr1	4807
chr1	4915
chr1	4927
chr1	4986
chr1	4995
chr1	5101
chr1	5193
chr1	5230
chr1	5238
chr1	5369
chr1	5370
chr1	5372
chr1	5374
chr1	5392
chr1	5432
chr1	5476
chr1	5500
chr1	5634
chr1	5637
chr1	5678
chr1	5741
chr1	5744
chr1	5788
chr1	5835
chr1	5874
chr1	5884
chr1	6017
chr1	6033
chr1	6112
chr1	6118
chr1	6137
chr1	6302
chr1	6321
chr1	6411
chr1	6433
chr1	6585
chr1	6649
chr1	6727
chr1	7027
chr1	7031
chr1	7041
chr1	7067
chr1	7388
chr1	7398
chr1	7426
chr1	7442
chr1	7531
chr1	7552
chr1	7554
chr1	7567
chr1	7736
chr1	7761
chr1	7895
chr1	7896
chr1	7905
chr1	8003
chr1	8038
chr1	8039
chr1	8048
chr1	8165
chr1	8200
chr1	8202
chr1	8254
chr1	8273
chr1	8277
chr1	8405
chr1	8478
chr1	8490
chr1	8515
chr1	8536
chr1	8552
chr1	8553
chr1	8584
chr1	8643
chr1	8650
chr1	8692
chr1	8740
chr1	8910
chr1	8958
chr1	9012
chr1	9300
chr1	9321
chr1	9369
chr1	9487
chr1	9488
chr1	9509
chr1	9533
chr1	9682
chr1	9695
chr1	9810
chr1	9832
chr1	9881
chr1	9891
chr1	9911
chr1	9918
chr1	9928
chr1	10027
chr1	10180
chr1	10242
chr1	10264
chr1	10288
chr1	10408
chr1	10416
chr1	10450
chr1	10461
chr1	10497
chr1	10503
chr1	10504
chr1	10506
chr1	10507
chr1	10510
chr1	10553
chr1	10556
chr1	10558
chr1	10581
chr1	10594
chr1	10609
chr1	10637
chr1	10641
chr1	10672
chr1	10698
chr1	10723
chr1	10784
chr1	10842
chr1	10868
chr1	10989
chr1	10996
chr1	11010
chr1	11044
chr1	11045
chr1	11201
chr1	11216
chr1	11307
chr1	11310
chr1	11356
chr1	11366
chr1	11437
chr1	11559
chr1	11562
chr1	11565
chr1	11573
chr1	11574
chr1	11576
chr1	11645
chr1	11654
chr1	11684
chr1	11720
chr1	11762
chr1	11805
chr1	11862
chr1	11869
chr1	11996
chr1	12000
chr1	12014
chr1	12020
chr1	12064
chr1	12068
chr1	12138
chr1	12139
chr1	12162
chr1	12193
chr1	12214
chr1	12216
chr1	12231
chr1	12233
chr1	12280
chr1	12292
chr1	12390
chr1	12472
chr1	12533
chr1	12537
chr1	12549
chr1	12561
chr1	12669
chr1	12683
chr1	12726
chr1	12736
chr1	12738
chr1	12836
chr1	12869
chr1	12941
chr1	12942
chr1	12950
chr1	12985
chr1	13001
chr1	13012
chr1	13014
chr1	13044
chr1	13089
chr1	13096
chr1	13274
chr1	13278
chr1	13328
chr1	13332
chr1	13361
chr1	13363
chr1	13437
chr1	13445
chr1	13532
chr1	13618
chr1	13635
chr1	13656
chr1	13783
chr1	13795
chr1	13800
chr1	13819
chr1	13864
chr1	13890
chr1	13891
chr1	13917
chr1	13924
chr1	13976
chr1	13993
chr1	13997
chr1	14008
chr1	14101
chr1	14145
chr1	14216
chr1	14229
chr1	14237
chr1	14277
chr1	14297
chr1	14310
chr1	14331
chr1	14371
chr1	14375
chr1	14537
chr1	14554
chr1	14562
chr1	14563
chr1	14565
chr1	14642
chr1	14657
chr1	14673
chr1	14696
chr1	14697
chr1	14733
chr1	14736
chr1	14751
chr1	14752
chr1	14766
chr1	14815
chr1	14826
chr1	14853
chr1	14860
chr1	14944
chr1	14951
chr1	14971
chr1	14980
chr1	15019
chr1	15074
chr1	15130
chr1	15173
chr1	15211
chr1	15224
chr1	15289
chr1	15320
chr1	15357
chr1	15380
chr1	15472
chr1	15477
chr1	15485
chr1	15528
chr1	15584
chr1	15621
chr1	15654
chr1	15714
chr1	15820
chr1	15888
chr1	15922
chr1	15932
chr1	15933
chr1	15942
chr1	15957
chr1	15975
chr1	15981
chr1	16028
chr1	16076
chr1	16133
chr1	16145
chr1	16198
chr1	16299
chr1	16311
chr1	16313
chr1	16317
chr1	16318
chr1	16339
chr1	16341
chr1	16398
chr1	16434
chr1	16458
chr1	16483
chr1	16498
chr1	16534
chr1	16576
chr1	16600
chr1	16621
chr1	16624
chr1	16652
chr1	16653
chr1	16658
chr1	16660
chr1	16686
chr1	16839
chr1	16857
chr1	16890
chr1	16965
chr1	16987
chr1	16988
chr1	16989
chr1	17073
chr1	17080
chr1	17085
chr1	17109
chr1	17131
chr1	17144
chr1	17234
chr1	17238
chr1	17247
chr1	17296
chr1	17383
chr1	17434
chr1	17435
chr1	17539
chr1	17540
chr1	17542
chr1	17552
chr1	17580
chr1	17585
chr1	17594
chr1	17598
chr1	17610
chr1	17620
chr1	17635
chr1	17647
chr1	17651
chr1	17659
chr1	17813
chr1	17814
chr1	17832
chr1	17925
chr1	17932
chr1	17937
chr1	17974
chr1	17976
chr1	17982
chr1	17994
chr1	18004
chr1	18017
chr1	18055
chr1	18102
chr1	18185
chr1	18200
chr1	18365
chr1	18391
chr1	18451
chr1	18459
chr1	18485
chr1	18507
chr1	18509
chr1	18511
chr1	18514
chr1	18557
chr1	18568
chr1	18622
chr1	18726
chr1	18750
chr1	18776
chr1	18801
chr1	18819
chr1	18846
chr1	18854
chr1	18884
chr1	18895
chr1	18928
chr1	18946
chr1	18948
chr1	19016
chr1	19173
chr1	19257
chr1	19266
chr1	19321
chr1	19323
chr1	19359
chr1	19365
chr1	19413
chr1	19483
chr1	19493
chr1	19494
chr1	19506
chr1	19590
chr1	19611
chr1	19625
chr1	19682
chr1	19683
chr1	19688
chr1	19783
chr1	19795
chr1	19810
chr1	19866
chr1	19877
chr1	19919
chr1	19938
chr1	19961
chr1	20011
chr1	20035
chr1	20036
chr1	20092
chr1	20093
chr1	20116
chr1	20149
chr1	20171
chr1	20188
chr1	20192
chr1	20206
chr1	20260
chr1	20266
chr1	20308
chr1	20309
chr1	20311
chr1	20368
chr1	20510
chr1	20516
chr1	20530
chr1	20541
chr1	20553
chr1	20565
chr1	20574
chr1	20581
chr1	20624
chr1	20667
chr1	20684
chr1	20694
chr1	20697
chr1	20710
chr1	20741
chr1	20872
chr1	20885
chr1	20890
chr1	20891
chr1	20896
chr1	20898
chr1	20910
chr1	20913
chr1	20981
chr1	21079
chr1	21102
chr1	21106
chr1	21128
chr1	21138
chr1	21160
chr1	21161
chr1	21163
chr1	21165
chr1	21179
chr1	21215
chr1	21229
chr1	21287
chr1	21304
chr1	21319
chr1	21389
chr1	21403
chr1	21412
chr1	21415
chr1	21464
chr1	21497
chr1	21502
chr1	21524
chr1	21525
chr1	21549
chr1	21580
chr1	21589
chr1	21599
chr1	21679
chr1	21684
chr1	21691
chr1	21700
chr1	21724
chr1	21819
chr1	21827
chr1	21850
chr1	21883
chr1	21908
chr1	21913
chr1	21952
chr1	21955
chr1	21958
chr1	21967
chr1	21976
chr1	22057
chr1	22078
chr1	22110
chr1	22130
chr1	22180
chr1	22195
chr1	22232
chr1	22257
chr1	22269
chr1	22338
chr1	22456
chr1	22469
chr1	22474
chr1	22543
chr1	22545
chr1	22603
chr1	22604
chr1	22605
chr1	22628
chr1	22656
chr1	22684
chr1	22744
chr1	22769
chr1	22770
chr1	22781
chr1	22820
chr1	22850
chr1	22864
chr1	22942
chr1	22973
chr1	22986
chr1	23023
chr1	23051
chr1	23058
chr1	23132
chr1	23249
chr1	23254
chr1	23299
chr1	23309
chr1	23318
chr1	23319
chr1	23357
chr1	23405
chr1	23429
chr1	23491
chr1	23516
chr1	23517
chr1	23519
chr1	23549
chr1	23597
chr1	23599
chr1	23601
chr1	23660
chr1	23732
chr1	23749
chr1	23799
chr1	23801
chr1	23842
chr1	23844
chr1	23851
chr1	23862
chr1	23874
chr1	23879
chr1	23885
chr1	23893
chr1	23894
chr1	23909
chr1	23930
chr1	23932
chr1	23937
chr1	24065
chr1	24145
chr1	24213
chr1	24240
chr1	24262
chr1	24317
chr1	24318
chr1	24376
chr1	24378
chr1	24403
chr1	24406
chr1	24454
chr1	24455
chr1	24461
chr1	24651
chr1	24668
chr1	24679
chr1	24707
chr1	24729
chr1	24801
chr1	24807
chr1	24820
chr1	24886
chr1	24888
chr1	24915
chr1	24916
chr1	24920
chr1	24943
chr1	24953
chr1	24968
chr1	24973
chr1	24975
chr1	25017
chr1	25122
chr1	25324
chr1	25372
chr1	25375
chr1	25388
chr1	25389
chr1	25391
chr1	25396
chr1	25398
chr1	25407
chr1	25434
chr1	25444
chr1	25486
chr1	25519
chr1	25552
chr1	25576
chr1	25585
chr1	25601
chr1	25612
chr1	25700
chr1	25809
chr1	25840
chr1	25924
chr1	25952
chr1	25977
chr1	25985
chr1	25998
chr1	26000
chr1	26010
chr1	26025
chr1	26033
chr1	26038
chr1	26058
chr1	26107
chr1	26132
chr1	26183
chr1	26207
chr1	26218
chr1	26220
chr1	26250
chr1	26255
chr1	26272
chr1	26291
chr1	26343
chr1	26358
chr1	26422
chr1	26442
chr1	26452
chr1	26480
chr1	26481
chr1	26579
chr1	26585
chr1	26586
chr1	26593
chr1	26596
chr1	26598
chr1	26614
chr1	26623
chr1	26902
chr1	26922
chr1	26959
chr1	27004
chr1	27006
chr1	27027
chr1	27033
chr1	27116
chr1	27119
chr1	27153
chr1	27161
chr1	27212
chr1	27258
chr1	27354
chr1	27425
chr1	27429
chr1	27487
chr1	27497
chr1	27525
chr1	27537
chr1	27630
chr1	27633
chr1	27702
chr1	27704
chr1	27732
chr1	27745
chr1	27748
chr1	27754
chr1	27782
chr1	27783
chr1	27788
chr1	27826
chr1	27905
chr1	27926
chr1	27932
chr1	27975
chr1	27977
chr1	27978
chr1	27980
chr1	27982
chr1	27992
chr1	28006
chr1	28037
chr1	28072
chr1	28124
chr1	28126
chr1	28170
chr1	28220
chr1	28257
chr1	28302
chr1	28353
chr1	28358
chr1	28363
chr1	28385
chr1	28399
chr1	28423
chr1	28458
chr1	28460
chr1	28468
chr1	28469
chr1	28480
chr1	28492
chr1	28496
chr1	28506
chr1	28524
chr1	28531
chr1	28538
chr1	28698
chr1	28699
chr1	28700
chr1	28704
chr1	28723
chr1	28748
chr1	28825
chr1	28855
chr1	28869
chr1	28952
chr1	28953
chr1	28972
chr1	29005
chr1	29013
chr1	29091
chr1	29136
chr1	29149
chr1	29152
chr1	29242
chr1	29286
chr1	29387
chr1	29409
chr1	29623
chr1	29683
chr1	29754
chr1	29756
chr1	29757
chr1	29848
chr1	29854
chr1	29873
chr1	29898
chr1	29906
chr1	29925
chr1	29926
chr1	29927
chr1	29946
chr1	30007
chr1	30009
chr1	30014
chr1	30016
chr1	30081
chr1	30113
chr1	30122
chr1	30207
chr1	30210
chr1	30232
chr1	30236
chr1	30237
chr1	30238
chr1	30288
chr1	30318
chr1	30328
chr1	30341
chr1	30345
chr1	30351
chr1	30352
chr1	30356
chr1	30380
chr1	30390
chr1	30511
chr1	30557
chr1	30591
chr1	30593
chr1	30605
chr1	30654
chr1	30688
chr1	30692
chr1	30761
chr1	30787
chr1	30790
chr1	30919
chr1	30998
chr1	31031
chr1	31150
chr1	31169
chr1	31232
chr1	31276
chr1	31295
chr1	31325
chr1	31331
chr1	31349
chr1	31353
chr1	31412
chr1	31470
chr1	31474
chr1	31496
chr1	31509
chr1	31511
chr1	31590
chr1	31591
chr1	31637
chr1	31760
chr1	31806
chr1	31876
chr1	31913
chr1	31950
chr1	32000
chr1	32022
chr1	32084
chr1	32095
chr1	32155
chr1	32227
chr1	32230
chr1	32254
chr1	32383
chr1	32394
chr1	32605
chr1	32682
chr1	32742
chr1	32744
chr1	32753
chr1	32966
chr1	32968
chr1	32969
chr1	33023
chr1	33100
chr1	33101
chr1	33109
chr1	33254
chr1	33343
chr1	33365
chr1	33398
chr1	33401
chr1	33404
chr1	33415
chr1	33440
chr1	33485
chr1	33591
chr1	33606
chr1	33677
chr1	33815
chr1	33930
chr1	33938
chr1	33959
chr1	33966
chr1	33989
chr1	33991
chr1	34012
chr1	34013
chr1	34030
chr1	34062
chr1	34195
chr1	34243
chr1	34293
chr1	34421
chr1	34445
chr1	34519
chr1	34852
chr1	34859
chr1	34880
chr1	35003
chr1	35067
chr1	35085
chr1	35094
chr1	35147
chr1	35153
chr1	35228
chr1	35307
chr1	35312
chr1	35322
chr1	35434
chr1	35455
chr1	35535
chr1	35539
chr1	35543
chr1	35705
chr1	35753
chr1	35968
chr1	35993
chr1	36039
chr1	36040
chr1	36047
chr1	36052
chr1	36053
chr1	36055
chr1	36067
chr1	36097
chr1	36100
chr1	36133
chr1	36137
chr1	36185
chr1	36190
chr1	36224
chr1	36227
chr1	36307
chr1	36404
chr1	36408
chr1	36484
chr1	36486
chr1	36487
chr1	36569
chr1	36574
chr1	36676
chr1	36798
chr1	36858
chr1	37087
chr1	37206
chr1	37217
chr1	37271
chr1	37596
chr1	37617
chr1	37867
chr1	37868
chr1	38001
chr1	38012
chr1	38163
chr1	38205
chr1	38393
chr1	38397
chr1	38442
chr1	38573
chr1	38577
chr1	38585
chr1	38733
chr1	38779
chr1	38782
chr1	38792
chr1	38801
chr1	38829
chr1	38847
chr1	38860
chr1	38861
chr1	39078
chr1	39108
chr1	39149
chr1	39315
chr1	39324
chr1	39341
chr1	39429
chr1	39495
chr1	39499
chr1	39513
chr1	39535
chr1	39536
chr1	39539
chr1	39602
chr1	39617
chr1	39625
chr1	39747
chr1	39764
chr1	39791
chr1	39800
chr1	40022
chr1	40145
chr1	40172
chr1	40584
chr1	40637
chr1	40718
chr1	40724
chr1	40785
chr1	41138
chr1	41407
chr1	41408
chr1	41416
chr1	41625
chr1	41682
chr1	41684
chr1	41807
chr1	41872
chr1	42254
chr1	42319
chr1	42352
chr1	42452
chr1	42636
chr1	42688
chr1	42723
chr1	42726
chr1	42764
chr1	42893
chr1	43028
chr1	43125
chr1	43230
chr1	43494
chr1	43505
chr1	43518
chr1	43535
chr1	43553
chr1	43556
chr1	43638
chr1	43685
chr1	43716
chr1	43927
chr1	43929
chr1	43937
chr1	43950
chr1	43953
chr1	43987
chr1	43996
chr1	44008
chr1	44076
chr1	44213
chr1	44291
chr1	44324
chr1	44506
chr1	44552
chr1	44557
chr1	44561
chr1	44666
chr1	44684
chr1	44687
chr1	44708
chr1	44868
chr1	44885
chr1	44944
chr1	45010
chr1	45011
chr1	45800
chr1	45801
chr1	45804
chr1	45808
chr1	45812
chr1	45839
chr1	45907
chr1	45908
chr1	45909
chr1	45910
chr1	45933
chr1	46027
chr1	46063
chr1	46113
chr1	46560
chr1	46722
chr1	46804
chr1	46807
chr1	46808
chr1	46812
chr1	46830
chr1	47253
chr1	47288
chr1	47401
chr1	47836
chr1	47956
chr1	47959
chr1	47960
chr1	48041
chr1	48379
chr1	48416
chr1	48461
chr1	48652
chr1	48936
chr1	48943
chr1	48992
chr1	49023
chr1	49123
chr1	49188
chr1	49207
chr1	49425
chr1	49492
chr1	49656
chr1	49672
chr1	49914
chr1	50132
chr1	50263
chr1	50296
chr1	50325
chr1	50345
chr1	51128
chr1	51145
chr1	51297
chr1	51340
chr1	51367
chr1	51520
chr1	51618
chr1	51643
chr1	51658
chr1	51680
chr1	51691
chr1	51723
chr1	51879
chr1	52068
chr1	52399
chr1	52652
chr1	52831
chr1	52923
chr1	52950
chr1	52985
chr1	53057
chr1	53112
chr1	53130
chr1	53176
chr1	53249
chr1	53265
chr1	53310
chr1	53466
chr1	53526
chr1	53925
chr1	53934
chr1	54008
chr1	54009
chr1	54016
chr1	54068
chr1	54078
chr1	54103
chr1	54393
chr1	54560
chr1	54712
chr1	54717
chr1	54819
chr1	54859
chr1	55219
chr1	55263
chr1	55357
chr1	55559
chr1	55567
chr1	55772
chr1	55844
chr1	55845
chr1	55848
chr1	55861
chr1	55862
chr1	56095
chr1	56099
chr1	56108
chr1	56438
chr1	56487
chr1	56503
chr1	56622
chr1	56673
chr1	56802
chr1	56864
chr1	57149
chr1	57437
chr1	57501
chr1	57503
chr1	57518
chr1	57519
chr1	57520
chr1	57525
chr1	57607
chr1	57630
chr1	57765
chr1	57773
chr1	57774
chr1	57777
chr1	58158
chr1	58186
chr1	58244
chr1	58327
chr1	58432
chr1	58725
chr1	58727
chr1	58741
chr1	58834
chr1	58998
chr1	59085
chr1	59116
chr1	59181
chr1	59303
chr1	59337
chr1	59396
chr1	59480
chr1	59519
chr1	60029
chr1	60399
chr1	60508
chr1	60613
chr1	60974
chr1	61111
chr1	61119
chr1	61297
chr1	61463
chr1	61482
chr1	61570
chr1	61637
chr1	61858
chr1	62095
chr1	62318
chr1	62404
chr1	62452
chr1	62470
chr1	62811
chr1	63165
chr1	63242
chr1	63331
chr1	63602
chr1	63876
chr1	63894
chr1	63917
chr1	63920
chr1	63962
chr1	63988
chr1	64014
chr1	64063
chr1	64317
chr1	64349
chr1	64449
chr1	64484
chr1	64553
chr1	64556
chr1	64566
chr1	64574
chr1	64605
chr1	64648
chr1	64700
chr1	64919
chr1	64927
chr1	64973
chr1	65346
chr1	65421
chr1	65634
chr1	65661
chr1	65683
chr1	65697
chr1	65783
chr1	65849
chr1	65854
chr1	65876
chr1	66212
chr1	66284
chr1	66304
chr1	66309
chr1	66331
chr1	66343
chr1	66654
chr1	66666
chr1	66668
chr1	67148
chr1	67160
chr1	67171
chr1	67266
chr1	67519
chr1	67985
chr1	68108
chr1	68181
chr1	68300
chr1	68304
chr1	68308
chr1	68428
chr1	68429
chr1	68454
chr1	69009
chr1	69111
chr1	69138
chr1	69163
chr1	69181
chr1	69211
chr1	69363
chr1	69598
chr1	69904
chr1	69906
chr1	69908
chr1	70088
chr1	70759
chr1	70769
chr1	70770
chr1	71116
chr1	71133
chr1	71840
chr1	71897
chr1	71971
chr1	72046
chr1	72335
chr1	72386
chr1	72387
chr1	72508
chr1	72716
chr1	72919
chr1	72926
chr1	73051
chr1	73077
chr1	73136
chr1	73918
chr1	74155
chr1	74181
chr1	74190
chr1	74262
chr1	74299
chr1	74312
chr1	74320
chr1	74324
chr1	74873
chr1	75725
chr1	75932
chr1	75943
chr1	76348
chr1	76433
chr1	76455
chr1	76540
chr1	76543
chr1	76735
chr1	76759
chr1	76760
chr1	76782
chr1	76999
chr1	77226
chr1	77246
chr1	77247
chr1	77663
chr1	77705
chr1	77707
chr1	78126
chr1	78174
chr1	78260
chr1	78276
chr1	78452
chr1	78461
chr1	78471
chr1	78473
chr1	78584
chr1	78920
chr1	79026
chr1	79243
chr1	79514
chr1	79782
chr1	79842
chr1	80191
chr1	80415
chr1	80643
chr1	80769
chr1	80777
chr1	80838
chr1	80845
chr1	81045
chr1	81046
chr1	81271
chr1	81513
chr1	81894
chr1	82146
chr1	82304
chr1	82305
chr1	82359
chr1	82581
chr1	82650
chr1	83142
chr1	83408
chr1	83420
chr1	83468
chr1	83676
chr1	83897
chr1	84185
chr1	84791
chr1	84896
chr1	85016
chr1	85062
chr1	85088
chr1	85097
chr1	85377
chr1	85540
chr1	85546
chr1	85762
chr1	86009
chr1	86044
chr1	86096
chr1	86224
chr1	86448
chr1	86461
chr1	86464
chr1	86745
chr1	86755
chr1	86884
chr1	87024
chr1	87030
chr1	87074
chr1	87405
chr1	87667
chr1	87979
chr1	88077
chr1	88081
chr1	88084
chr1	88364
chr1	88377
chr1	88444
chr1	88599
chr1	88967
chr1	88981
chr1	89053
chr1	89380
chr1	89465
chr1	89492
chr1	89494
chr1	89881
chr1	90227
chr1	90423
chr1	90424
chr1	90640
chr1	91143
chr1	91217
chr1	91480
chr1	91884
chr1	92006
chr1	92064
chr1	92068
chr1	92313
chr1	92633
chr1	92657
chr1	92690
chr1	92734
chr1	93029
chr1	93324
chr1	93338
chr1	93341
chr1	93342
chr1	93705
chr1	93811
chr1	93931
chr1	94497
chr1	94699
chr1	94807
chr1	94948
chr1	95022
chr1	95373
chr1	95501
chr1	95563
chr1	95860
chr1	96039
chr1	96128
chr1	96188
chr1	96448
chr1	96616
chr1	96664
chr1	96794
chr1	96884
chr1	96920
chr1	96955
chr1	97102
chr1	97326
chr1	97338
chr1	97641
chr1	97821
chr1	97842
chr1	97983
chr1	98813
chr1	98873
chr1	98884
chr1	99133
chr1	99588
chr1	100344
chr1	100360
chr1	100362
chr1	100365
chr1	100457
chr1	100624
chr1	100630
chr1	101049
chr1	101223
chr1	101342
chr1	101730
chr1	101968
chr1	101985
chr1	102177
chr1	102179
chr1	102200
chr1	102248
chr1	102451
chr1	102526
chr1	102539
chr1	102558
chr1	102607
chr1	102750
chr1	102855
chr1	103134
chr1	103192
chr1	103280
chr1	103435
chr1	103472
chr1	103687
chr1	104050
chr1	104084
chr1	104086
chr1	104425
chr1	104470
chr1	104505
chr1	104765
chr1	104851
chr1	105093
chr1	105200
chr1	105257
chr1	105614
chr1	106156
chr1	106349
chr1	106356
chr1	106390
chr1	106518
chr1	106644
chr1	106734
chr1	106737
chr1	106873
chr1	106983
chr1	107250
chr1	107252
chr1	107429
chr1	107487
chr1	107544
chr1	107813
chr1	108038
chr1	108055
chr1	108190
chr1	108280
chr1	108330
chr1	108762
chr1	108882
chr1	108997
chr1	109072
chr1	109301
chr1	109737
chr1	109739
chr1	109758
chr1	109771
chr1	110096
chr1	110487
chr1	111193
chr1	111619
chr1	111620
chr1	111644
chr1	111656
chr1	111726
chr1	111908
chr1	112130
chr1	112544
chr1	112593
chr1	112654
chr1	112699
chr1	112736
chr1	113023
chr1	113120
chr1	113158
chr1	113169
chr1	113607
chr1	113715
chr1	114136
chr1	114275
chr1	114320
chr1	114333
chr1	114779
chr1	115209
chr1	115221
chr1	115290
chr1	115303
chr1	115409
chr1	115856
chr1	115950
chr1	116018
chr1	116022
chr1	116062
chr1	116094
chr1	116328
chr1	116351
chr1	116740
chr1	116909
chr1	117250
chr1	117262
chr1	117674
chr1	117725
chr1	117738
chr1	118053
chr1	118090
chr1	118132
chr1	118136
chr1	118141
chr1	118143
chr1	118218
chr1	118244
chr1	118458
chr1	118524
chr1	118566
chr1	118668
chr1	118864
chr1	118868
chr1	119081
chr1	119404
chr1	119920
chr1	119941
chr1	119947
chr1	120268
chr1	120295
chr1	120591
chr1	120612
chr1	120643
chr1	120913
chr1	120989
chr1	121087
chr1	121195
chr1	121399
chr1	121772
chr1	121836
chr1	121975
chr1	122182
chr1	122241
chr1	122442
chr1	122657
chr1	123136
chr1	123212
chr1	123310
chr1	123333
chr1	123340
chr1	123564
chr1	123596
chr1	123677
chr1	123713
chr1	123752
chr1	123760
chr1	124014
chr1	124074
chr1	124181
chr1	124240
chr1	124320
chr1	124505
chr1	124658
chr1	124697
chr1	124702
chr1	124714
chr1	124725
chr1	124787
chr1	124802
chr1	124828
chr1	125560
chr1	125956
chr1	126111
chr1	126320
chr1	126363
chr1	126462
chr1	126464
chr1	126516
chr1	126609
chr1	126787
chr1	127075
chr1	127162
chr1	127359
chr1	127902
chr1	127916
chr1	127939
chr1	128241
chr1	128244
chr1	128253
chr1	128419
chr1	128466
chr1	128526
chr1	128770
chr1	128937
chr1	129150
chr1	129374
chr1	129619
chr1	129656
chr1	129824
chr1	129855
chr1	129857
chr1	129860
chr1	129878
chr1	129950
chr1	129953
chr1	130002
chr1	130008
chr1	130784
chr1	130843
chr1	130866
chr1	131029
chr1	131684
chr1	131754
chr1	131994
chr1	132007
chr1	132442
chr1	132562
chr1	132579
chr1	132702
chr1	132810
chr1	133048
chr1	133206
chr1	133388
chr1	133389
chr1	134814
chr1	135255
chr1	135256
chr1	135264
chr1	135366
chr1	135478
chr1	135644
chr1	135948
chr1	136073
chr1	136229
chr1	136234
chr1	136240
chr1	136411
chr1	137171
chr1	137179
chr1	137206
chr1	137244
chr1	137382
chr1	137706
chr1	137742
chr1	137754
chr1	137770
chr1	137861
chr1	137928
chr1	138223
chr1	138968
chr1	139152
chr1	139206
chr1	139813
chr1	139869
chr1	139890
chr1	140216
chr1	140324
chr1	140332
chr1	140455
chr1	140912
chr1	140948
chr1	141052
chr1	141129
chr1	141357
chr1	141438
chr1	141524
chr1	141527
chr1	141542
chr1	141617
chr1	141635
chr1	142149
chr1	142167
chr1	142622
chr1	142874
chr1	142875
chr1	142877
chr1	142882
chr1	142960
chr1	142963
chr1	142975
chr1	143163
chr1	143240
chr1	143324
chr1	143334
chr1	143344
chr1	143442
chr1	143470
chr1	143476
chr1	143491
chr1	143492
chr1	143813
chr1	143982
chr1	144084
chr1	144137
chr1	144366
chr1	144726
chr1	144916
chr1	144947
chr1	145049
chr1	145055
chr1	145061
chr1	145074
chr1	145126
chr1	145164
chr1	145303
chr1	145304
chr1	145394
chr1	145409
chr1	145451
chr1	145466
chr1	145469
chr1	145470
chr1	145473
chr1	146385
chr1	146397
chr1	146668
chr1	146670
chr1	146744
chr1	146927
chr1	147088
chr1	147232
chr1	147235
chr1	147437
chr1	147481
chr1	147537
chr1	147950
chr1	148240
chr1	148856
chr1	149047
chr1	149102
chr1	149189
chr1	149432
chr1	150506
chr1	150590
chr1	150596
chr1	150787
chr1	151024
chr1	151077
chr1	151293
chr1	151339
chr1	151607
chr1	151643
chr1	151652
chr1	151689
chr1	151945
chr1	152287
chr1	152434
chr1	152445
chr1	152450
chr1	152454
chr1	152455
chr1	153016
chr1	153184
chr1	153190
chr1	153260
chr1	153493
chr1	153619
chr1	153643
chr1	153644
chr1	153927
chr1	153941
chr1	154266
chr1	154267
chr1	154280
chr1	154436
chr1	154757
chr1	154781
chr1	154866
chr1	154879
chr1	155098
chr1	155441
chr1	155554
chr1	155600
chr1	155601
chr1	155610
chr1	155622
chr1	155781
chr1	155865
chr2	119
chr2	489
chr2	573
chr2	837
chr2	917
chr2	919
chr2	931
chr2	1280
chr2	1515
chr2	1557
chr2	1781
chr2	1906
chr2	2370
chr2	2541
chr2	2572
chr2	2587
chr2	2588
chr2	3014
chr2	3101
chr2	3104
chr2	3114
chr2	3123
chr2	3127
chr2	3128
chr2	3221
chr2	3252
chr2	3301
chr2	3309
chr2	3629
chr2	3791
chr2	3799
chr2	3822
chr2	3896
chr2	4002
chr2	4278
chr2	4279
chr2	4281
chr2	4315
chr2	4435
chr2	4436
chr2	4440
chr2	4444
chr2	4688
chr2	4820
chr2	5517
chr2	5549
chr2	6008
chr2	6259
chr2	6456
chr2	6614
chr2	6896
chr2	7220
chr2	7304
chr2	7707
chr2	7829
chr2	8030
chr2	8183
chr2	8184
chr2	8241
chr2	8417
chr2	8935
chr2	8953
chr2	9074
chr2	9186
chr2	9376
chr2	9407
chr2	9427
chr2	9544
chr2	9796
chr2	10775
chr2	10920
chr2	11063
chr2	11081
chr2	11284
chr2	11311
chr2	11321
chr2	11335
chr2	11458
chr2	11826
chr2	11872
chr2	12043
chr2	12094
chr2	12121
chr2	12177
chr2	12268
chr2	12283
chr2	12395
chr2	12486
chr2	12488
chr2	12797
chr2	12799
chr2	12801
chr2	12805
chr2	12872
chr2	12928
chr2	12966
chr2	13078
chr2	13130
chr2	13148
chr2	13526
chr2	13675
chr2	13699
chr2	13781
chr2	14023
chr2	14325
chr2	14467
chr2	14504
chr2	14722
chr2	14840
chr2	14842
chr2	15253
chr2	15255
chr2	15285
chr2	15297
chr2	15742
chr2	15785
chr2	15866
chr2	16029
chr2	16244
chr2	16279
chr2	16329
chr2	16731
chr2	17203
chr2	17428
chr2	17671
chr2	17991
chr2	18215
chr2	18450
chr2	18911
chr2	18929
chr2	18931
chr2	19019
chr2	19036
chr2	19389
chr2	19421
chr2	19646
chr2	19987
chr2	20117
chr2	20213
chr2	20279
chr2	20284
chr2	20315
chr2	20935
chr2	20947
chr2	21242
chr2	21323
chr2	21498
chr2	21503
chr2	21504
chr2	21517
chr2	21525
chr2	21789
chr2	21916
chr2	22124
chr2	22814
chr2	22859
chr2	22996
chr2	23154
chr2	23338
chr2	23411
chr2	23647
chr2	23706
chr2	24018
chr2	24411
chr2	24424
chr2	24692
chr2	24761
chr2	24771
chr2	24776
chr2	25154
chr2	25384
chr2	25409
chr2	25639
chr2	25695
chr2	26096
chr2	26156
chr2	27018
chr2	27385
chr2	27390
chr2	27606
chr2	27715
chr2	27728
chr2	27833
chr2	27880
chr2	27894
chr2	28276
chr2	28286
chr2	28480
chr2	28483
chr2	28863
chr2	29204
chr2	29634
chr2	29660
chr2	30006
chr2	30008
chr2	30198
chr2	30266
chr2	30320
chr2	30729
chr2	30770
chr2	30779
chr2	30822
chr2	30913
chr2	31110
chr2	31111
chr2	31115
chr2	31241
chr2	31458
chr2	31530
chr2	31569
chr2	31583
chr2	31988
chr2	32046
chr2	32072
chr2	32180
chr2	32225
chr2	32241
chr2	32599
chr2	32632
chr2	33197
chr2	33237
chr2	33361
chr2	33363
chr2	33520
chr2	33774
chr2	33789
chr2	33796
chr2	33799
chr2	34010
chr2	34298
chr2	34423
chr2	34460
chr2	34464
chr2	34556
chr2	34781
chr2	34792
chr2	34838
chr2	35019
chr2	35060
chr2	35254
chr2	35559
chr2	35667
chr2	35722
chr2	35868
chr2	35889
chr2	36366
chr2	36501
chr2	36536
chr2	36537
chr2	36586
chr2	36727
chr2	36933
chr2	37016
chr2	37737
chr2	37738
chr2	38215
chr2	38265
chr2	38275
chr2	38480
chr2	38502
chr2	38781
chr2	38784
chr2	38850
chr2	38899
chr2	38900
chr2	38908
chr2	38911
chr2	39212
chr2	39256
chr2	39340
chr2	39476
chr2	39655
chr2	39819
chr2	39857
chr2	40171
chr2	40872
chr2	40966
chr2	41031
chr2	41466
chr2	41554
chr2	41628
chr2	41894
chr2	41946
chr2	42020
chr2	42196
chr2	42273
chr2	42519
chr2	42524
chr2	42708
chr2	42739
chr2	42811
chr2	42813
chr2	43050
chr2	43119
chr2	43120
chr2	43261
chr2	43407
chr2	43442
chr2	43730
chr2	43964
chr2	44004
chr2	44045
chr2	44327
chr2	44364
chr2	44632
chr2	44651
chr2	44919
chr2	45111
chr2	45205
chr2	45211
chr2	45291
chr2	45619
chr2	46027
chr2	46157
chr2	46524
chr2	46552
chr2	46698
chr2	47082
chr2	47118
chr2	47708
chr2	47718
chr2	47994
chr2	48090
chr2	48176
chr2	48235
chr2	48589
chr2	48617
chr2	49396
chr2	49457
chr2	49463
chr2	49869
chr2	49872
chr2	49876
chr2	49878
chr2	49891
chr2	49928
chr2	50035
chr2	50288
chr2	50501
chr2	50800
chr2	51104
chr2	51112
chr2	51668
chr2	51678
chr2	51729
chr2	52190
chr2	52206
chr2	52460
chr2	52571
chr2	52644
chr2	52694
chr2	53337
chr2	54711
chr2	54868
chr2	54990
chr2	55041
chr2	55073
chr2	55088
chr2	55759
chr2	55902
chr2	56142
chr2	56179
chr2	56372
chr2	56706
chr2	56814
chr2	56833
chr2	56891
chr2	56925
chr2	56979
chr2	57161
chr2	57214
chr2	57405
chr2	57891
chr2	58565
chr2	58865
chr2	58940
chr2	59085
chr2	59253
chr2	59304
chr2	59345
chr2	59591
chr2	59646
chr2	59698
chr2	59699
chr2	59834
chr2	60209
chr2	60270
chr2	60346
chr2	60412
chr2	60519
chr2	60729
chr2	60943
chr2	61202
chr2	61234
chr2	61362
chr2	61828
chr2	62210
chr2	62237
chr2	62633
chr2	62693
chr2	63143
chr2	63259
chr2	63403
chr2	63417
chr2	63421
chr2	63676
chr2	63777
chr2	64036
chr2	64038
chr2	64236
chr2	64250
chr2	64271
chr2	64338
chr2	64341
chr2	64350
chr2	64362
chr2	64503
chr2	64766
chr2	64955
chr2	64992
chr2	65080
chr2	65178
chr2	65180
chr2	65203
chr2	65253
chr2	65264
chr2	65359
chr2	65459
chr2	65551
chr2	65575
chr2	65657
chr2	66123
chr2	66378
chr2	66414
chr2	66535
chr2	66958
chr2	67040
chr2	67161
chr2	67274
chr2	67278
chr2	67346
chr2	67562
chr2	67673
chr2	67845
chr2	67881
chr2	68246
chr2	68248
chr2	68814
chr2	68872
chr2	69217
chr2	69440
chr2	69512
chr2	69801
chr2	69978
chr2	70027
chr2	70256
chr2	70459
chr2	70714
chr2	70747
chr2	71082
chr2	71260
chr2	71377
chr2	71717
chr2	71719
chr2	71730
chr2	71740
chr2	72016
chr2	72344
chr2	72494
chr2	72739
chr2	72932
chr2	73038
chr2	73495
chr2	73830
chr2	74008
chr2	74009
chr2	74151
chr2	74529
chr2	74635
chr2	74709
chr2	74718
chr2	74962
chr2	74993
chr2	75029
chr2	75085
chr2	75330
chr2	75403
chr2	75680
chr2	76030
chr2	76291
chr2	76637
chr2	77407
chr2	77610
chr2	77803
chr2	77951
chr2	77981
chr2	78006
chr2	78076
chr2	78105
chr2	78353
chr2	78435
chr2	78615
chr2	79280
chr2	79496
chr2	79644
chr2	80154
chr2	80189
chr2	80285
chr2	80580
chr2	80738
chr2	80899
chr2	80937
chr2	81174
chr2	81199
chr2	81367
chr2	81369
chr2	81372
chr2	81470
chr2	81516
chr2	81551
chr2	81602
chr2	81640
chr2	82005
chr2	82517
chr2	82611
chr2	82639
chr2	82950
chr2	83532
chr2	83690
chr2	83733
chr2	83757
chr2	83849
chr2	84034
chr2	84068
chr2	84210
chr2	84619
chr2	84662
chr2	85135
chr2	85686
chr2	86405
chr2	86407
chr2	86565
chr2	86684
chr2	86843
chr2	86853
chr2	87093
chr2	87101
chr2	87110
chr2	87212
chr2	87317
chr2	87414
chr2	87533
chr2	87677
chr2	87685
chr2	87868
chr2	87887
chr2	88410
chr2	88493
chr2	88526
chr2	88665
chr2	88804
chr2	88881
chr2	88981
chr2	89098
chr2	89141
chr2	89342
chr2	89380
chr2	89512
chr2	89657
chr2	89705
chr2	89848
chr2	89877
chr2	90296
chr2	90371
chr2	90387
chr2	90439
chr2	90512
chr2	91395
chr2	91731
chr2	91735
chr2	91760
chr2	91962
chr2	92047
chr2	92071
chr2	92208
chr2	92347
chr2	92366
chr2	92370
chr2	92558
chr2	92817
chr2	92925
chr2	92948
chr2	93064
chr2	93140
chr2	93261
chr2	93547
chr2	93555
chr2	93784
chr2	93918
chr2	94149
chr2	94181
chr2	94348
chr2	94421
chr2	94531
chr2	94614
chr2	94849
chr2	95016
chr2	95118
chr2	95516
chr2	95648
chr2	95840
chr2	95949
chr2	96124
chr2	96138
chr2	96150
chr2	96380
chr2	96392
chr2	96414
chr2	96469
chr2	96643
chr2	96764
chr2	97051
chr2	97169
chr2	97210
chr2	97328
chr2	97519
chr2	97695
chr2	98082
chr2	98538
chr2	98629
chr2	98932
chr2	99002
chr2	99012
chr2	99031
chr2	99048
chr2	99332
chr2	99440
chr2	99839
chr2	99847
chr2	100018
chr2	100020
chr2	100192
chr2	101093
chr2	101286
chr2	101307
chr2	101387
chr2	102163
chr2	102229
chr2	102466
chr2	102608
chr2	102653
chr2	103021
chr2	103368
chr2	103394
chr2	103433
chr2	103455
chr2	103747
chr2	103845
chr2	103904
chr2	104061
chr2	104408
chr2	104432
chr2	104563
chr2	104935
chr2	105124
chr2	105342
chr2	105347
chr2	105766
chr2	105901
chr2	106339
chr2	106370
chr2	106433
chr2	106702
chr2	106736
chr2	106860
chr2	106975
chr2	106976
chr2	107037
chr2	107038
chr2	107435
chr2	107453
chr2	107455
chr2	107596
chr2	107643
chr2	107732
chr2	107769
chr2	107917
chr2	107923
chr2	107924
chr2	108010
chr2	108161
chr2	108427
chr2	108796
chr2	109200
chr2	109379
chr2	109387
chr2	109806
chr2	109861
chr2	110044
chr2	110352
chr2	110384
chr2	110395
chr2	110525
chr2	110529
chr2	110600
chr2	110623
chr2	110680
chr2	111148
chr2	111426
chr2	111641
chr2	112292
chr2	112497
chr2	112565
chr2	112773
chr2	113178
chr2	113195
chr2	113441
chr2	113549
chr2	113561
chr2	113608
chr2	113704
chr2	113959
chr2	113965
chr2	114090
chr2	114464
chr2	114701
chr2	114724
chr2	114728
chr2	114822
chr2	115076
chr2	115099
chr2	115461
chr2	115622
chr2	115674
chr2	115677
chr2	115698
chr2	115734
chr2	115874
chr2	115893
chr2	115984
chr2	116001
chr2	116434
chr2	116652
chr2	116757
chr2	116790
chr2	117043
chr2	117316
chr2	117459
chr2	117525
chr2	117570
chr2	117585
chr2	117678
chr2	118409
chr2	118411
chr2	118485
chr2	118726
chr2	118916
chr2	118946
chr2	119839
chr2	119896
chr2	120821
chr2	120894
chr2	121108
chr2	121129
chr2	121255
chr2	121387
chr2	121638
chr2	121640
chr2	122066
chr2	122263
chr2	122286
chr2	122446
chr2	122646
chr2	122680
chr2	122793
chr2	122921
chr2	123018
chr2	123137
chr2	123167
chr2	123290
chr2	123292
chr2	123580
chr2	123615
chr2	123631
chr2	123786
chr2	123894
chr2	124751
chr2	124759
chr2	124765
chr2	124768
chr2	124770
chr2	124889
chr2	125235
chr2	125264
chr2	125398
chr2	125406
chr2	125729
chr2	125845
chr2	125846
chr2	126120
chr2	126138
chr2	126343
chr2	126370
chr2	126691
chr2	126762
chr2	127098
chr2	127159
chr2	127406
chr2	127436
chr2	127438
chr2	127927
chr2	128431
chr2	128610
chr2	128653
chr2	128812
chr2	128813
chr2	128919
chr2	129403
chr2	129629
chr2	129645
chr2	129704
chr2	129820
chr2	129883
chr2	129930
chr2	129952
chr2	129980
chr2	130038
chr2	130286
chr2	130473
chr2	130583
chr2	130620
chr2	130698
chr2	130795
chr2	131141
chr2	131181
chr2	131393
chr2	131512
chr2	131698
chr2	131709
chr2	131734
chr2	132150
chr2	132166
chr2	132253
chr2	132378
chr2	132920
chr2	132921
chr2	132931
chr2	132943
chr2	132953
chr2	133104
chr2	133149
chr2	133267
chr2	133315
chr2	133318
chr2	133576
chr2	133580
chr2	133715
chr2	133716
chr2	133856
chr2	134070
chr2	134108
chr2	134527
chr2	134706
chr2	135162
chr2	135453
chr2	135546
chr2	135624
chr2	135895
chr2	135919
chr2	136169
chr2	136214
chr2	136235
chr2	136308
chr2	136834
chr2	137476
chr2	137552
chr2	137596
chr2	137863
chr2	137869
chr2	137920
chr2	137922
chr2	138064
chr2	138236
chr2	138367
chr2	138520
chr2	138645
chr2	138646
chr2	138922
chr2	139021
chr2	139075
chr2	139100
chr2	139147
chr2	139280
chr2	139409
chr2	139440
chr2	139494
chr2	139605
chr2	139669
chr2	140104
chr2	140751
chr2	140958
chr2	141001
chr2	141282
chr2	141388
chr2	141391
chr2	141633
chr2	141649
chr2	141757
chr2	141848
chr2	142009
chr2	142373
chr2	142437
chr2	142688
chr2	143180
chr2	143239
chr2	143648
chr2	143791
chr2	143944
chr2	144021
chr2	144057
chr2	144115
chr2	144133
chr2	144227
chr2	144291
chr2	144296
chr2	144297
chr2	144473
chr2	144664
chr2	144701
chr2	145242
chr2	145253
chr2	146019
chr2	146114
chr2	146121
chr2	146429
chr2	146447
chr2	146658
chr2	147322
chr2	147504
chr2	147576
chr2	148136
chr2	148145
chr2	148483
chr2	148508
chr2	148678
chr2	148891
chr2	149084
chr2	149143
chr2	149340
chr2	149371
chr2	149398
chr2	149596
chr2	149601
chr2	149779
chr2	150678
chr2	150920
chr2	150990
chr2	151076
chr2	151082
chr2	151084
chr2	151086
chr2	151711
chr2	152575
chr2	152867
chr2	152958
chr2	153128
chr2	153133
chr2	153137
chr2	153366
chr2	153668
chr2	154182
chr2	154213
chr2	154308
chr2	154543
chr2	154602
chr2	154755
chr2	154820
chr2	155136
chr2	155279
chr2	155523
chr2	155901
chr2	155971
chr2	155984
chr3	187
chr3	569
chr3	856
chr3	858
chr3	873
chr3	1146
chr3	1218
chr3	1220
chr3	1304
chr3	1501
chr3	2058
chr3	2079
chr3	2204
chr3	2286
chr3	2493
chr3	2673
chr3	2761
chr3	2828
chr3	2954
chr3	3026
chr3	3221
chr3	3249
chr3	3257
chr3	3359
chr3	3640
chr3	3775
chr3	3918
chr3	3944
chr3	4095
chr3	4368
chr3	4828
chr3	4871
chr3	5156
chr3	5202
chr3	5223
chr3	5261
chr3	5262
chr3	5393
chr3	5461
chr3	5914
chr3	5967
chr3	5993
chr3	6088
chr3	6147
chr3	6152
chr3	6918
chr3	7003
chr3	7283
chr3	7455
chr3	8039
chr3	8112
chr3	8348
chr3	8441
chr3	8451
chr3	8463
chr3	8534
chr3	8621
chr3	8789
chr3	8792
chr3	8794
chr3	8854
chr3	9258
chr3	9479
chr3	9854
chr3	10280
chr3	10399
chr3	10770
chr3	10875
chr3	10893
chr3	10952
chr3	10970
chr3	11127
chr3	11193
chr3	11275
chr3	11299
chr3	11421
chr3	11855
chr3	12271
chr3	12396
chr3	12403
chr3	12459
chr3	12646
chr3	12765
chr3	12786
chr3	12965
chr3	12967
chr3	13042
chr3	13196
chr3	13295
chr3	13505
chr3	13620
chr3	13724
chr3	13976
chr3	14407
chr3	14454
chr3	14661
chr3	14907
chr3	14944
chr3	15154
chr3	15356
chr3	15641
chr3	15892
chr3	15896
chr3	16217
chr3	16229
chr3	16304
chr3	16845
chr3	17368
chr3	17537
chr3	17594
chr3	17669
chr3	17731
chr3	17805
chr3	18093
chr3	18150
chr3	18363
chr3	18428
chr3	18546
chr3	18566
chr3	18573
chr3	18632
chr3	18691
chr3	18747
chr3	18798
chr3	18808
chr3	18961
chr3	19614
chr3	19830
chr3	20411
chr3	20488
chr3	20567
chr3	20672
chr3	20907
chr3	20957
chr3	20982
chr3	21032
chr3	21033
chr3	21245
chr3	21268
chr3	21288
chr3	21468
chr3	21592
chr3	21594
chr3	21595
chr3	22143
chr3	22216
chr3	22313
chr3	22396
chr3	22402
chr3	22421
chr3	22472
chr3	22481
chr3	22671
chr3	22672
chr3	22813
chr3	23037
chr3	23165
chr3	23188
chr3	23201
chr3	23216
chr3	23231
chr3	23246
chr3	23251
chr3	23480
chr3	23482
chr3	23536
chr3	23800
chr3	23863
chr3	23929
chr3	24052
chr3	24217
chr3	24276
chr3	24633
chr3	24750
chr3	25032
chr3	25038
chr3	25062
chr3	25076
chr3	25109
chr3	25320
chr3	25586
chr3	25760
chr3	25781
chr3	26169
chr3	26314
chr3	26791
chr3	26910
chr3	27048
chr3	27055
chr3	27113
chr3	27163
chr3	27405
chr3	27461
chr3	27657
chr3	27823
chr3	27860
chr3	28002
chr3	28004
chr3	28240
chr3	28244
chr3	28249
chr3	28307
chr3	28683
chr3	28770
chr3	28861
chr3	28962
chr3	29259
chr3	29367
chr3	29455
chr3	29584
chr3	29587
chr3	29848
chr3	29928
chr3	30307
chr3	30429
chr3	31697
chr3	31843
chr3	31978
chr3	32012
chr3	32246
chr3	32822
chr3	32879
chr3	33039
chr3	33198
chr3	33403
chr3	33419
chr3	33455
chr3	33462
chr3	33542
chr3	33608
chr3	34212
chr3	34385
chr3	34442
chr3	34581
chr3	34659
chr3	34838
chr3	35061
chr3	35292
chr3	35305
chr3	35306
chr3	35800
chr3	35854
chr3	36213
chr3	36321
chr3	36422
chr3	36512
chr3	36524
chr3	36660
chr3	36767
chr3	36803
chr3	37180
chr3	37414
chr3	37605
chr3	37695
chr3	37987
chr3	38041
chr3	38097
chr3	38180
chr3	38623
chr3	38637
chr3	38914
chr3	39040
chr3	39294
chr3	39394
chr3	39646
chr3	39907
chr3	40043
chr3	40076
chr3	40831
chr3	40928
chr3	40960
chr3	40962
chr3	41355
chr3	41362
chr3	41491
chr3	41606
chr3	41984
chr3	41997
chr3	42002
chr3	42031
chr3	42987
chr3	43047
chr3	43206
chr3	43253
chr3	43256
chr3	43426
chr3	43773
chr3	43844
chr3	43983
chr3	44019
chr3	44121
chr3	44319
chr3	44379
chr3	44506
chr3	44580
chr3	44781
chr3	44934
chr3	45298
chr3	45486
chr3	45810
chr3	46105
chr3	46214
chr3	46232
chr3	46252
chr3	46272
chr3	46289
chr3	46302
chr3	46408
chr3	46558
chr3	46560
chr3	46781
chr3	47733
chr3	47797
chr3	47815
chr3	47959
chr3	48026
chr3	48123
chr3	48245
chr3	48390
chr3	48486
chr3	48618
chr3	48720
chr3	48821
chr3	49044
chr3	49475
chr3	49491
chr3	49506
chr3	49689
chr3	49913
chr3	50204
chr3	50250
chr3	50468
chr3	50673
chr3	50715
chr3	50735
chr3	50849
chr3	50885
chr3	51151
chr3	51197
chr3	51343
chr3	51427
chr3	51598
chr3	52139
chr3	52333
chr3	52374
chr3	52513
chr3	52515
chr3	53588
chr3	53759
chr3	53830
chr3	54341
chr3	54381
chr3	54516
chr3	54876
chr3	54953
chr3	55735
chr3	56121
chr3	56480
chr3	56942
chr3	56994
chr3	57247
chr3	57296
chr3	57555
chr3	57642
chr3	57656
chr3	57799
chr3	58354
chr3	58496
chr3	58511
chr3	58611
chr3	58723
chr3	58840
chr3	58862
chr3	59043
chr3	59283
chr3	59504
chr3	59611
chr3	59647
chr3	59931
chr3	60330
chr3	60344
chr3	60397
chr3	60404
chr3	60798
chr3	60940
chr3	61227
chr3	61508
chr3	61659
chr3	61684
chr3	61756
chr3	61801
chr3	61880
chr3	61981
chr3	62169
chr3	62178
chr3	62382
chr3	62408
chr3	62456
chr3	62471
chr3	62563
chr3	62919
chr3	63120
chr3	63162
chr3	63279
chr3	63607
chr3	63767
chr3	64317
chr3	64554
chr3	64987
chr3	65073
chr3	65203
chr3	65298
chr3	65501
chr3	65545
chr3	65647
chr3	65670
chr3	65739
chr3	65862
chr3	65926
chr3	66027
chr3	66186
chr3	66354
chr3	66379
chr3	66400
chr3	66711
chr3	66820
chr3	66915
chr3	67006
chr3	67181
chr3	67364
chr3	67399
chr3	68020
chr3	68052
chr3	68069
chr3	68071
chr3	68309
chr3	68717
chr3	68721
chr3	68749
chr3	68781
chr3	68844
chr3	68850
chr3	68979
chr3	68984
chr3	69234
chr3	69460
chr3	69520
chr3	69617
chr3	69734
chr3	70158
chr3	70180
chr3	70303
chr3	70441
chr3	70621
chr3	70708
chr3	70724
chr3	70742
chr3	70747
chr3	70769
chr3	70832
chr3	71106
chr3	71162
chr3	71659
chr3	71666
chr3	71681
chr3	72260
chr3	72270
chr3	72498
chr3	72631
chr3	72766
chr3	72925
chr3	73077
chr3	73317
chr3	73625
chr3	73626
chr3	73696
chr3	73737
chr3	74079
chr3	74404
chr3	74675
chr3	74728
chr3	74820
chr3	74885
chr3	74886
chr3	75055
chr3	75210
chr3	75632
chr3	75962
chr3	76376
chr3	76599
chr3	76828
chr3	76971
chr3	76979
chr3	77193
chr3	77274
chr3	77576
chr3	77671
chr3	77687
chr3	77824
chr3	77853
chr3	77888
chr3	77988
chr3	78007
chr3	78176
chr3	78248
chr3	78519
chr3	78651
chr3	78708
chr3	78777
chr3	78989
chr3	79001
chr3	79117
chr3	79326
chr3	79341
chr3	79477
chr3	79508
chr3	79532
chr3	79629
chr3	79749
chr3	79996
chr3	80307
chr3	80490
chr3	80601
chr3	80800
chr3	81296
chr3	81332
chr3	81376
chr3	81407
chr3	81496
chr3	81679
chr3	81680
chr3	81885
chr3	81954
chr3	82185
chr3	82231
chr3	82443
chr3	82503
chr3	82579
chr3	82648
chr3	82649
chr3	82793
chr3	83072
chr3	83273
chr3	83385
chr3	83393
chr3	83440
chr3	83871
chr3	83885
chr3	83968
chr3	84017
chr3	84153
chr3	84177
chr3	84307
chr3	85169
chr3	85171
chr3	85484
chr3	85671
chr3	85675
chr3	85735
chr3	86061
chr3	86426
chr3	86805
chr3	86860
chr3	87146
chr3	87200
chr3	87235
chr3	87382
chr3	87742
chr3	87849
chr3	87858
chr3	88002
chr3	88480
chr3	88533
chr3	88729
chr3	88924
chr3	88937
chr3	89488
chr3	89644
chr3	89858
chr3	90205
chr3	90300
chr3	90429
chr3	90498
chr3	90516
chr3	90710
chr3	90729
chr3	90920
chr3	90943
chr3	91038
chr3	91047
chr3	91278
chr3	91412
chr3	91423
chr3	92080
chr3	92164
chr3	92171
chr3	92203
chr3	92343
chr3	92441
chr3	92611
chr3	92648
chr3	92656
chr3	92739
chr3	92815
chr3	92855
chr3	92927
chr3	92945
chr3	93212
chr3	93258
chr3	93679
chr3	93772
chr3	93994
chr3	94948
chr3	95180
chr3	95209
chr3	95219
chr3	95358
chr3	96040
chr3	96465
chr3	96822
chr3	97004
chr3	97012
chr3	97173
chr3	97399
chr3	97459
chr3	97461
chr3	97469
chr3	97485
chr3	97638
chr3	98059
chr3	98369
chr3	98503
chr3	98608
chr3	98701
chr3	98881
chr3	99350
chr3	99925
chr3	100234
chr3	100254
chr3	100579
chr3	100868
chr3	101132
chr3	101429
chr3	101454
chr3	101456
chr3	102152
chr3	102164
chr3	102243
chr3	102806
chr3	103292
chr3	103325
chr3	103510
chr3	103830
chr3	103888
chr3	104140
chr3	104215
chr3	104287
chr3	104311
chr3	104345
chr3	104446
chr3	104655
chr3	104814
chr3	104872
chr3	105018
chr3	105020
chr3	105124
chr3	105302
chr3	105311
chr3	105472
chr3	105500
chr3	105534
chr3	105633
chr3	105766
chr3	105789
chr3	105987
chr3	105993
chr3	106016
chr3	106557
chr3	106628
chr3	106750
chr3	107145
chr3	107671
chr3	107723
chr3	107984
chr3	108349
chr3	108552
chr3	108690
chr3	108741
chr3	108840
chr3	109069
chr3	109087
chr3	109253
chr3	110109
chr3	110297
chr3	110603
chr3	110657
chr3	110717
chr3	110780
chr3	111058
chr3	111294
chr3	111315
chr3	111403
chr3	111412
chr3	111643
chr3	111647
chr3	111714
chr3	111791
chr3	112449
chr3	112569
chr3	112638
chr3	112794
chr3	112808
chr3	112820
chr3	112899
chr3	113239
chr3	113265
chr3	113325
chr3	113361
chr3	113372
chr3	113527
chr3	113677
chr3	114175
chr3	114269
chr3	114275
chr3	114708
chr3	114887
chr3	114975
chr3	115015
chr3	115110
chr3	115168
chr3	115265
chr3	115774
chr3	116167
chr3	116379
chr3	116436
chr3	116652
chr3	116680
chr3	116695
chr3	116741
chr3	116824
chr3	116839
chr3	116876
chr3	117021
chr3	117572
chr3	117701
chr3	117939
chr3	118271
chr3	118306
chr3	118352
chr3	118473
chr3	118555
chr3	118616
chr3	118925
chr3	119064
chr3	119105
chr3	119134
chr3	119276
chr3	119407
chr3	119874
chr3	119920
chr3	119997
chr3	120006
chr3	120018
chr3	120053
chr3	120208
chr3	120728
chr3	121120
chr3	121309
chr3	121364
chr3	121937
chr3	122015
chr3	122067
chr3	122119
chr3	122253
chr3	122873
chr3	123316
chr3	123414
chr3	123549
chr3	123616
chr3	123707
chr3	124284
chr3	124362
chr3	124420
chr3	124423
chr3	124723
chr3	124819
chr3	124918
chr3	124960
chr3	125247
chr3	125343
chr3	125558
chr3	125573
chr3	125766
chr3	125932
chr3	125994
chr3	126053
chr3	126623
chr3	126891
chr3	127035
chr3	127232
chr3	127399
chr3	127615
chr3	127783
chr3	128274
chr3	128337
chr3	128777
chr3	128798
chr3	128970
chr3	129050
chr3	129055
chr3	129317
chr3	129465
chr3	129496
chr3	129548
chr3	129789
chr3	129859
chr3	129979
chr3	130027
chr3	130377
chr3	130489
chr3	130490
chr3	130498
chr3	131103
chr3	131353
chr3	131554
chr3	131765
chr3	132102
chr3	132105
chr3	132181
chr3	132433
chr3	132546
chr3	132595
chr3	132630
chr3	132681
chr3	132729
chr3	132736
chr3	133039
chr3	133160
chr3	133459
chr3	133461
chr3	133495
chr3	133533
chr3	133579
chr3	133643
chr3	133750
chr3	133904
chr3	134217
chr3	134252
chr3	134391
chr3	134651
chr3	134652
chr3	134695
chr3	134811
chr3	134924
chr3	135062
chr3	135379
chr3	135676
chr3	136220
chr3	136280
chr3	136313
chr3	136448
chr3	136558
chr3	136890
chr3	136948
chr3	136956
chr3	137034
chr3	137045
chr3	137116
chr3	137167
chr3	137194
chr3	137227
chr3	137335
chr3	137380
chr3	137388
chr3	137392
chr3	137396
chr3	137408
chr3	137527
chr3	137599
chr3	137768
chr3	137778
chr3	137784
chr3	137922
chr3	138032
chr3	138077
chr3	138150
chr3	138278
chr3	138304
chr3	138427
chr3	138464
chr3	138518
chr3	138690
chr3	139372
chr3	139473
chr3	139669
chr3	139821
chr3	139912
chr3	139961
chr3	140006
chr3	140010
chr3	140034
chr3	140103
chr3	140340
chr3	140457
chr3	140550
chr3	141046
chr3	141088
chr3	141344
chr3	141867
chr3	141881
chr3	141901
chr3	142017
chr3	142557
chr3	142558
chr3	142604
chr3	142658
chr3	142666
chr3	142816
chr3	142982
chr3	143019
chr3	143239
chr3	143421
chr3	143478
chr3	143488
chr3	143756
chr3	143774
chr3	143859
chr3	144032
chr3	144546
chr3	144890
chr3	145020
chr3	145111
chr3	145145
chr3	145507
chr3	145573
chr3	146186
chr3	146277
chr3	146656
chr3	146731
chr3	147036
chr3	147381
chr3	147906
chr3	147908
chr3	147931
chr3	148184
chr3	148186
chr3	148187
chr3	148217
chr3	148539
chr3	148773
chr3	148842
chr3	148844
chr3	149144
chr3	149272
chr3	149347
chr3	149382
chr3	149571
chr3	149788
chr3	149949
chr3	150028
chr3	150104
chr3	150129
chr3	150235
chr3	150280
chr3	150514
chr3	150534
chr3	150633
chr3	150659
chr3	150677
chr3	150786
chr3	150959
chr3	150975
chr3	150989
chr3	151030
chr3	151052
chr3	151558
chr3	151697
chr3	151869
chr3	151987
chr3	152091
chr3	152587
chr3	152967
chr3	152993
chr3	153092
chr3	153222
chr3	153459
chr3	153758
chr3	153856
chr3	153909
chr3	154298
chr3	154299
chr3	154337
chr3	154852
chr3	154864
chr3	154915
chr3	154934
chr3	155721
chr3	155747
chr3	155778
chr3	155833
chr3	155884
chr4	251
chr4	795
chr4	876
chr4	1164
chr4	1470
chr4	1497
chr4	1667
chr4	1987
chr4	2086
chr4	2456
chr4	2479
chr4	2587
chr4	2619
chr4	2790
chr4	3353
chr4	3521
chr4	3544
chr4	3811
chr4	3914
chr4	4095
chr4	4208
chr4	4214
chr4	4314
chr4	4346
chr4	4347
chr4	4769
chr4	5155
chr4	5226
chr4	5296
chr4	5324
chr4	5947
chr4	6022
chr4	6165
chr4	6712
chr4	6728
chr4	8091
chr4	8514
chr4	8824
chr4	8993
chr4	9224
chr4	9353
chr4	9796
chr4	9817
chr4	9818
chr4	9849
chr4	9935
chr4	10046
chr4	10091
chr4	10256
chr4	10269
chr4	10279
chr4	10288
chr4	10338
chr4	10484
chr4	10556
chr4	11011
chr4	11120
chr4	11185
chr4	11610
chr4	12057
chr4	12081
chr4	12173
chr4	12272
chr4	12332
chr4	12409
chr4	12905
chr4	13458
chr4	13475
chr4	13481
chr4	13676
chr4	13854
chr4	13876
chr4	13941
chr4	14214
chr4	14318
chr4	14367
chr4	14452
chr4	14698
chr4	15069
chr4	15456
chr4	15472
chr4	15473
chr4	15496
chr4	15499
chr4	15630
chr4	15717
chr4	15788
chr4	15994
chr4	16264
chr4	16265
chr4	16356
chr4	16460
chr4	16549
chr4	16566
chr4	16770
chr4	16859
chr4	16867
chr4	16879
chr4	16889
chr4	16917
chr4	16982
chr4	17229
chr4	17248
chr4	17342
chr4	17392
chr4	17502
chr4	17508
chr4	17859
chr4	17954
chr4	17971
chr4	18066
chr4	18213
chr4	18218
chr4	18463
chr4	18894
chr4	18907
chr4	19110
chr4	19395
chr4	19482
chr4	20331
chr4	20392
chr4	20568
chr4	20672
chr4	20728
chr4	20814
chr4	20827
chr4	20886
chr4	21099
chr4	21128
chr4	21149
chr4	21287
chr4	21321
chr4	21430
chr4	21453
chr4	21521
chr4	21535
chr4	21700
chr4	21719
chr4	21820
chr4	21941
chr4	21944
chr4	21955
chr4	22008
chr4	22108
chr4	22195
chr4	22219
chr4	22588
chr4	22950
chr4	23069
chr4	23287
chr4	23358
chr4	23490
chr4	23551
chr4	23807
chr4	23997
chr4	24221
chr4	24650
chr4	24739
chr4	24798
chr4	24848
chr4	24868
chr4	24904
chr4	25039
chr4	25066
chr4	25067
chr4	25090
chr4	25170
chr4	25320
chr4	25333
chr4	25422
chr4	25624
chr4	25698
chr4	25712
chr4	25745
chr4	25805
chr4	25925
chr4	25931
chr4	26193
chr4	26310
chr4	26485
chr4	26577
chr4	26580
chr4	26823
chr4	27041
chr4	27207
chr4	27378
chr4	27529
chr4	27716
chr4	27885
chr4	27894
chr4	28053
chr4	28243
chr4	28358
chr4	28899
chr4	29289
chr4	29382
chr4	29431
chr4	29588
chr4	29622
chr4	29635
chr4	29639
chr4	30166
chr4	30176
chr4	30179
chr4	30448
chr4	30501
chr4	30908
chr4	31132
chr4	31188
chr4	31325
chr4	31402
chr4	31410
chr4	31411
chr4	31420
chr4	31548
chr4	31618
chr4	31786
chr4	32381
chr4	32913
chr4	33498
chr4	33593
chr4	33871
chr4	34053
chr4	34058
chr4	34243
chr4	34279
chr4	34396
chr4	34590
chr4	35416
chr4	35433
chr4	35451
chr4	35644
chr4	36151
chr4	36369
chr4	36430
chr4	36991
chr4	37233
chr4	37379
chr4	37698
chr4	37933
chr4	37935
chr4	37984
chr4	38024
chr4	38620
chr4	38733
chr4	38946
chr4	39072
chr4	39194
chr4	39430
chr4	39439
chr4	39464
chr4	39688
chr4	39844
chr4	40040
chr4	40628
chr4	40706
chr4	41083
chr4	41321
chr4	41605
chr4	41862
chr4	41936
chr4	42283
chr4	42294
chr4	42689
chr4	42830
chr4	43182
chr4	43324
chr4	43326
chr4	43373
chr4	43837
chr4	44076
chr4	44191
chr4	44420
chr4	44564
chr4	44658
chr4	44716
chr4	44768
chr4	44792
chr4	44837
chr4	45069
chr4	45189
chr4	45516
chr4	45557
chr4	45660
chr4	45727
chr4	46078
chr4	46359
chr4	46447
chr4	46552
chr4	46650
chr4	46665
chr4	46926
chr4	47033
chr4	47130
chr4	47624
chr4	48078
chr4	48148
chr4	48719
chr4	48782
chr4	48906
chr4	49085
chr4	49455
chr4	49821
chr4	50046
chr4	50122
chr4	50333
chr4	50339
chr4	50599
chr4	50673
chr4	50758
chr4	50858
chr4	50908
chr4	51015
chr4	51151
chr4	51212
chr4	51223
chr4	51569
chr4	51655
chr4	51761
chr4	51765
chr4	51995
chr4	52264
chr4	52397
chr4	52535
chr4	52676
chr4	52677
chr4	52844
chr4	53119
chr4	53287
chr4	53372
chr4	53457
chr4	53479
chr4	54507
chr4	55123
chr4	55307
chr4	55363
chr4	55482
chr4	55484
chr4	55488
chr4	55494
chr4	55828
chr4	55867
chr4	55884
chr4	55917
chr4	56136
chr4	56188
chr4	56294
chr4	56300
chr4	56613
chr4	56631
chr4	56657
chr4	56920
chr4	57140
chr4	57265
chr4	57555
chr4	57746
chr4	57751
chr4	57828
chr4	57872
chr4	59035
chr4	59058
chr4	59347
chr4	59469
chr4	59728
chr4	59958
chr4	59967
chr4	60153
chr4	60489
chr4	60559
chr4	61031
chr4	61032
chr4	61156
chr4	61405
chr4	61699
chr4	61782
chr4	62271
chr4	62272
chr4	62332
chr4	62495
chr4	63524
chr4	64158
chr4	64160
chr4	64178
chr4	64209
chr4	64748
chr4	64882
chr4	65223
chr4	65314
chr4	65494
chr4	65695
chr4	65964
chr4	66338
chr4	66341
chr4	66545
chr4	66581
chr4	67131
chr4	67257
chr4	67325
chr4	67546
chr4	67959
chr4	67997
chr4	67998
chr4	68574
chr4	68659
chr4	69309
chr4	69456
chr4	69679
chr4	69730
chr4	69952
chr4	69964
chr4	69978
chr4	70084
chr4	70241
chr4	70571
chr4	70773
chr4	70937
chr4	71011
chr4	71098
chr4	71132
chr4	71430
chr4	71586
chr4	72003
chr4	72027
chr4	72127
chr4	72244
chr4	72248
chr4	72749
chr4	73328
chr4	73797
chr4	74492
chr4	74493
chr4	74653
chr4	74884
chr4	75033
chr4	75475
chr4	75519
chr4	75711
chr4	75776
chr4	75892
chr4	76557
chr4	76797
chr4	76889
chr4	77146
chr4	77288
chr4	77361
chr4	77481
chr4	77570
chr4	77791
chr4	78162
chr4	78564
chr4	78618
chr4	78622
chr4	78643
chr4	78923
chr4	79156
chr4	79387
chr4	79411
chr4	79685
chr4	79851
chr4	80116
chr4	80224
chr4	80576
chr4	80579
chr4	80580
chr4	80623
chr4	80803
chr4	81153
chr4	81255
chr4	81401
chr4	81745
chr4	81797
chr4	81945
chr4	82818
chr4	82960
chr4	83236
chr4	83442
chr4	83457
chr4	83466
chr4	83655
chr4	83656
chr4	83674
chr4	83855
chr4	83856
chr4	83994
chr4	84007
chr4	84030
chr4	84090
chr4	84173
chr4	84373
chr4	84409
chr4	84501
chr4	84508
chr4	84570
chr4	84762
chr4	84930
chr4	85192
chr4	86022
chr4	86128
chr4	86156
chr4	86353
chr4	86827
chr4	86836
chr4	86837
chr4	87284
chr4	87551
chr4	87752
chr4	87776
chr4	87795
chr4	87888
chr4	87973
chr4	87974
chr4	88012
chr4	88023
chr4	88061
chr4	88089
chr4	88096
chr4	88119
chr4	88351
chr4	88687
chr4	88746
chr4	88771
chr4	89056
chr4	89061
chr4	89081
chr4	89526
chr4	89830
chr4	90113
chr4	90269
chr4	90826
chr4	91071
chr4	91580
chr4	91925
chr4	91985
chr4	92010
chr4	92177
chr4	92224
chr4	92373
chr4	92697
chr4	92732
chr4	92897
chr4	92993
chr4	93250
chr4	93338
chr4	93431
chr4	93647
chr4	93940
chr4	93991
chr4	94003
chr4	94276
chr4	94997
chr4	95159
chr4	95191
chr4	95526
chr4	95844
chr4	95920
chr4	96149
chr4	96203
chr4	96361
chr4	96563
chr4	96627
chr4	96849
chr4	97337
chr4	97348
chr4	97407
chr4	97527
chr4	97564
chr4	97674
chr4	97702
chr4	97712
chr4	97737
chr4	97968
chr4	98032
chr4	98053
chr4	98060
chr4	98328
chr4	98399
chr4	98421
chr4	98669
chr4	98793
chr4	98884
chr4	99171
chr4	99548
chr4	99692
chr4	100602
chr4	100811
chr4	100819
chr4	100938
chr4	101243
chr4	101861
chr4	101914
chr4	101997
chr4	102122
chr4	102234
chr4	102596
chr4	102837
chr4	102957
chr4	103195
chr4	103310
chr4	103489
chr4	103780
chr4	103819
chr4	103900
chr4	103908
chr4	104137
chr4	104174
chr4	104465
chr4	105058
chr4	105073
chr4	105082
chr4	105093
chr4	105116
chr4	105177
chr4	105181
chr4	105203
chr4	105420
chr4	105541
chr4	105741
chr4	105881
chr4	106267
chr4	106278
chr4	106566
chr4	106581
chr4	106829
chr4	106995
chr4	107155
chr4	107248
chr4	107310
chr4	107344
chr4	107458
chr4	107541
chr4	107633
chr4	107733
chr4	108098
chr4	108111
chr4	108172
chr4	108250
chr4	108430
chr4	108461
chr4	108861
chr4	109003
chr4	109037
chr4	109076
chr4	109089
chr4	109228
chr4	109244
chr4	109580
chr4	109637
chr4	109711
chr4	110046
chr4	110068
chr4	110099
chr4	110166
chr4	110178
chr4	110323
chr4	110711
chr4	110767
chr4	111210
chr4	111538
chr4	111843
chr4	111856
chr4	111972
chr4	112049
chr4	112890
chr4	113165
chr4	113349
chr4	113464
chr4	113592
chr4	113875
chr4	113933
chr4	114449
chr4	114737
chr4	115261
chr4	115752
chr4	115946
chr4	116719
chr4	116983
chr4	117055
chr4	117768
chr4	117983
chr4	118159
chr4	118400
chr4	118406
chr4	118412
chr4	118438
chr4	119012
chr4	119084
chr4	119387
chr4	119424
chr4	119850
chr4	120081
chr4	120105
chr4	120358
chr4	120359
chr4	120396
chr4	120834
chr4	120856
chr4	120920
chr4	121111
chr4	121125
chr4	121132
chr4	121664
chr4	121818
chr4	121938
chr4	122200
chr4	122317
chr4	122421
chr4	122446
chr4	122872
chr4	123029
chr4	123087
chr4	123554
chr4	123562
chr4	123583
chr4	123663
chr4	123724
chr4	123806
chr4	123861
chr4	124024
chr4	124852
chr4	125009
chr4	125038
chr4	125104
chr4	125146
chr4	125242
chr4	125320
chr4	125350
chr4	125648
chr4	125669
chr4	125753
chr4	125825
chr4	125831
chr4	125900
chr4	125901
chr4	126273
chr4	126364
chr4	126525
chr4	126868
chr4	127010
chr4	127523
chr4	127594
chr4	127628
chr4	127632
chr4	127646
chr4	127768
chr4	128077
chr4	128190
chr4	128366
chr4	128775
chr4	128920
chr4	128995
chr4	129136
chr4	129178
chr4	129187
chr4	129387
chr4	129395
chr4	129512
chr4	129737
chr4	130980
chr4	131047
chr4	131331
chr4	131515
chr4	131733
chr4	132148
chr4	132334
chr4	132920
chr4	133036
chr4	133140
chr4	133932
chr4	134091
chr4	134181
chr4	134264
chr4	134465
chr4	135057
chr4	135211
chr4	135355
chr4	135489
chr4	135522
chr4	135546
chr4	135784
chr4	135941
chr4	135944
chr4	136303
chr4	136675
chr4	137273
chr4	137280
chr4	137359
chr4	137549
chr4	137645
chr4	138018
chr4	138171
chr4	138256
chr4	138337
chr4	138338
chr4	138583
chr4	138908
chr4	139064
chr4	139075
chr4	139095
chr4	139102
chr4	139642
chr4	139706
chr4	140000
chr4	140124
chr4	140205
chr4	140303
chr4	140304
chr4	140319
chr4	140469
chr4	140572
chr4	140655
chr4	140660
chr4	140876
chr4	141017
chr4	141183
chr4	141433
chr4	141452
chr4	141703
chr4	141729
chr4	141730
chr4	141757
chr4	141780
chr4	142181
chr4	142279
chr4	142641
chr4	142644
chr4	142841
chr4	142962
chr4	143009
chr4	143068
chr4	143164
chr4	143589
chr4	144150
chr4	144236
chr4	144355
chr4	144658
chr4	145020
chr4	145026
chr4	145029
chr4	145034
chr4	145134
chr4	145148
chr4	145637
chr4	145651
chr4	145739
chr4	145950
chr4	145953
chr4	146441
chr4	146726
chr4	146909
chr4	147441
chr4	147532
chr4	147645
chr4	147667
chr4	147790
chr4	147791
chr4	147964
chr4	147994
chr4	148002
chr4	148084
chr4	148134
chr4	148316
chr4	148541
chr4	148628
chr4	148670
chr4	149024
chr4	149182
chr4	149276
chr4	149642
chr4	149646
chr4	150198
chr4	150222
chr4	150334
chr4	150559
chr4	150564
chr4	150619
chr4	150623
chr4	150705
chr4	150740
chr4	151014
chr4	151288
chr4	151613
chr4	151628
chr4	151685
chr4	151909
chr4	152058
chr4	152234
chr4	152318
chr4	152323
chr4	152333
chr4	152396
chr4	152708
chr4	153114
chr4	153136
chr4	153190
chr4	153280
chr4	153515
chr4	153529
chr4	153833
chr4	153840
chr4	153955
chr4	154125
chr4	154148
chr4	154470
chr4	154712
chr4	155020
chr4	155633
chr4	155711
chr4	155739
chr4	155776
chr4	156092
chr5	44
chr5	693
chr5	921
chr5	1518
chr5	1796
chr5	2055
chr5	2721
chr5	3086
chr5	3282
chr5	3669
chr5	3786
chr5	3877
chr5	3886
chr5	4182
chr5	4511
chr5	4633
chr5	4662
chr5	4757
chr5	4925
chr5	4951
chr5	4961
chr5	5086
chr5	5281
chr5	5369
chr5	5839
chr5	6028
chr5	6164
chr5	6808
chr5	7282
chr5	7356
chr5	7858
chr5	7932
chr5	8176
chr5	8594
chr5	8637
chr5	8741
chr5	9471
chr5	9486
chr5	9637
chr5	9638
chr5	10161
chr5	10348
chr5	10430
chr5	10688
chr5	11200
chr5	11309
chr5	11437
chr5	11510
chr5	11511
chr5	11550
chr5	11775
chr5	11884
chr5	12533
chr5	12714
chr5	12727
chr5	12792
chr5	13638
chr5	13829
chr5	14011
chr5	14373
chr5	15542
chr5	15744
chr5	16182
chr5	16382
chr5	16434
chr5	16529
chr5	16541
chr5	16767
chr5	16954
chr5	17225
chr5	17250
chr5	17469
chr5	17476
chr5	17633
chr5	17815
chr5	17816
chr5	18137
chr5	18171
chr5	18247
chr5	18584
chr5	18596
chr5	18607
chr5	18610
chr5	18867
chr5	18939
chr5	18943
chr5	18957
chr5	18964
chr5	18978
chr5	18997
chr5	19425
chr5	19432
chr5	19898
chr5	20022
chr5	20189
chr5	20297
chr5	20636
chr5	20637
chr5	20654
chr5	20824
chr5	21102
chr5	21531
chr5	21878
chr5	21933
chr5	21943
chr5	22845
chr5	23186
chr5	23618
chr5	23769
chr5	23772
chr5	23808
chr5	23948
chr5	24101
chr5	24419
chr5	24471
chr5	24475
chr5	24600
chr5	24693
chr5	24700
chr5	25175
chr5	25204
chr5	25441
chr5	25446
chr5	25781
chr5	25879
chr5	26594
chr5	26996
chr5	27027
chr5	27226
chr5	27521
chr5	27580
chr5	27728
chr5	28878
chr5	28879
chr5	28903
chr5	29279
chr5	29452
chr5	29673
chr5	29936
chr5	30079
chr5	30286
chr5	30301
chr5	30307
chr5	30700
chr5	31133
chr5	31323
chr5	31447
chr5	31548
chr5	31726
chr5	31727
chr5	31800
chr5	32277
chr5	32416
chr5	33663
chr5	33763
chr5	33878
chr5	34536
chr5	34627
chr5	35048
chr5	35503
chr5	35760
chr5	35765
chr5	36099
chr5	36263
chr5	36281
chr5	37100
chr5	37177
chr5	37249
chr5	37444
chr5	37775
chr5	37884
chr5	38057
chr5	38132
chr5	38277
chr5	38604
chr5	38682
chr5	39129
chr5	39150
chr5	39245
chr5	39320
chr5	39895
chr5	39915
chr5	40036
chr5	40132
chr5	40169
chr5	40242
chr5	40265
chr5	41059
chr5	41357
chr5	41370
chr5	41519
chr5	42376
chr5	42382
chr5	42465
chr5	42469
chr5	42474
chr5	42572
chr5	42607
chr5	43230
chr5	43399
chr5	43535
chr5	43630
chr5	43973
chr5	44108
chr5	44349
chr5	44450
chr5	44451
chr5	44822
chr5	45105
chr5	45186
chr5	45592
chr5	45832
chr5	46004
chr5	46077
chr5	46137
chr5	46906
chr5	47790
chr5	47971
chr5	48177
chr5	48389
chr5	48405
chr5	48414
chr5	48764
chr5	48935
chr5	48936
chr5	49053
chr5	49902
chr5	50390
chr5	50554
chr5	50843
chr5	50984
chr5	51075
chr5	51076
chr5	51306
chr5	52081
chr5	52290
chr5	52471
chr5	52551
chr5	52961
chr5	53085
chr5	53284
chr5	53616
chr5	53622
chr5	53645
chr5	53789
chr5	53921
chr5	54386
chr5	54388
chr5	54833
chr5	54903
chr5	54906
chr5	55649
chr5	55653
chr5	55709
chr5	55848
chr5	56166
chr5	56169
chr5	56458
chr5	56935
chr5	56947
chr5	57105
chr5	57114
chr5	57196
chr5	57580
chr5	57811
chr5	57981
chr5	58953
chr5	59068
chr5	59192
chr5	59204
chr5	59718
chr5	60415
chr5	60671
chr5	60822
chr5	61162
chr5	61172
chr5	61176
chr5	61362
chr5	61695
chr5	61896
chr5	62682
chr5	62685
chr5	63262
chr5	63372
chr5	63657
chr5	63963
chr5	64024
chr5	64111
chr5	64113
chr5	64904
chr5	64938
chr5	65237
chr5	65238
chr5	65239
chr5	65263
chr5	65560
chr5	65706
chr5	66033
chr5	66058
chr5	66115
chr5	66345
chr5	66581
chr5	66646
chr5	67580
chr5	67581
chr5	67617
chr5	67626
chr5	67685
chr5	67906
chr5	68009
chr5	68286
chr5	68339
chr5	68453
chr5	68480
chr5	68571
chr5	68574
chr5	68650
chr5	68763
chr5	68808
chr5	68837
chr5	68852
chr5	69449
chr5	69476
chr5	69669
chr5	69880
chr5	69882
chr5	69883
chr5	69903
chr5	69908
chr5	70032
chr5	70266
chr5	70406
chr5	70543
chr5	70930
chr5	71774
chr5	72028
chr5	72172
chr5	72511
chr5	72692
chr5	72782
chr5	72890
chr5	73065
chr5	73329
chr5	73471
chr5	73544
chr5	73722
chr5	73730
chr5	73795
chr5	74024
chr5	74069
chr5	74097
chr5	74108
chr5	74109
chr5	74325
chr5	74493
chr5	74883
chr5	75090
chr5	75269
chr5	75304
chr5	76181
chr5	76363
chr5	76383
chr5	76444
chr5	76460
chr5	76489
chr5	76496
chr5	76696
chr5	77262
chr5	77452
chr5	77514
chr5	77516
chr5	77752
chr5	77754
chr5	77821
chr5	77950
chr5	78088
chr5	78105
chr5	78232
chr5	78294
chr5	78310
chr5	78319
chr5	78598
chr5	78606
chr5	78736
chr5	79174
chr5	79212
chr5	79640
chr5	79796
chr5	80018
chr5	80080
chr5	80190
chr5	80899
chr5	81184
chr5	81246
chr5	81376
chr5	81379
chr5	81381
chr5	81509
chr5	81723
chr5	81747
chr5	82180
chr5	82385
chr5	82684
chr5	82740
chr5	82831
chr5	83005
chr5	83911
chr5	83999
chr5	85417
chr5	85425
chr5	85859
chr5	85880
chr5	85922
chr5	86045
chr5	86080
chr5	86302
chr5	86668
chr5	87325
chr5	87449
chr5	87753
chr5	87901
chr5	88063
chr5	88089
chr5	88248
chr5	88280
chr5	88783
chr5	88967
chr5	88968
chr5	89328
chr5	89982
chr5	90254
chr5	90262
chr5	90277
chr5	90309
chr5	90333
chr5	90784
chr5	90881
chr5	90999
chr5	92049
chr5	92262
chr5	92382
chr5	92457
chr5	92963
chr5	92993
chr5	93195
chr5	93411
chr5	93417
chr5	94024
chr5	94453
chr5	94456
chr5	95117
chr5	95236
chr5	95322
chr5	95336
chr5	95907
chr5	95951
chr5	96103
chr5	96333
chr5	96659
chr5	96785
chr5	96942
chr5	97427
chr5	97673
chr5	97694
chr5	97698
chr5	97817
chr5	97828
chr5	98073
chr5	98305
chr5	98598
chr5	98729
chr5	98788
chr5	98789
chr5	98809
chr5	99336
chr5	99739
chr5	99839
chr5	100100
chr5	100855
chr5	101008
chr5	101214
chr5	101998
chr5	102308
chr5	102466
chr5	102483
chr5	102978
chr5	103049
chr5	103052
chr5	103688
chr5	103689
chr5	103834
chr5	104083
chr5	104191
chr5	104333
chr5	105132
chr5	106637
chr5	106641
chr5	107250
chr5	107632
chr5	108090
chr5	108104
chr5	108162
chr5	108280
chr5	108620
chr5	108749
chr5	108776
chr5	108872
chr5	108991
chr5	109002
chr5	109374
chr5	109666
chr5	109972
chr5	110155
chr5	110156
chr5	110238
chr5	110756
chr5	111056
chr5	111502
chr5	111859
chr5	112336
chr5	112566
chr5	112664
chr5	112855
chr5	113804
chr5	113806
chr5	114002
chr5	114056
chr5	114111
chr5	114152
chr5	114593
chr5	115473
chr5	115796
chr5	116010
chr5	116056
chr5	116263
chr5	116688
chr5	117331
chr5	117352
chr5	117377
chr5	117931
chr5	118192
chr5	118721
chr5	118847
chr5	118984
chr5	119166
chr5	119396
chr5	120243
chr5	120510
chr5	120773
chr5	120842
chr5	121194
chr5	121418
chr5	121629
chr5	121635
chr5	121678
chr5	121736
chr5	121743
chr5	121899
chr5	122273
chr5	122333
chr5	123173
chr5	123361
chr5	123388
chr5	123596
chr5	123655
chr5	123797
chr5	124100
chr5	124383
chr5	125261
chr5	125265
chr5	125954
chr5	125957
chr5	126585
chr5	126606
chr5	126621
chr5	126739
chr5	127326
chr5	127359
chr5	127361
chr5	127856
chr5	128313
chr5	128574
chr5	128922
chr5	128924
chr5	128961
chr5	128962
chr5	129071
chr5	129176
chr5	129295
chr5	129342
chr5	129582
chr5	129585
chr5	130000
chr5	130013
chr5	130205
chr5	130449
chr5	130528
chr5	130783
chr5	130819
chr5	131428
chr5	131466
chr5	131479
chr5	131911
chr5	132176
chr5	132469
chr5	132656
chr5	132727
chr5	132834
chr5	133063
chr5	133166
chr5	133447
chr5	133554
chr5	133666
chr5	133678
chr5	133679
chr5	133816
chr5	133997
chr5	134023
chr5	134035
chr5	134614
chr5	134918
chr5	135045
chr5	135110
chr5	135300
chr5	135521
chr5	135610
chr5	137424
chr5	137921
chr5	137956
chr5	138063
chr5	138280
chr5	138885
chr5	139462
chr5	139619
chr5	139620
chr5	139624
chr5	140188
chr5	140192
chr5	140349
chr5	140840
chr5	141463
chr5	141501
chr5	142072
chr5	142409
chr5	142479
chr5	142481
chr5	142914
chr5	143421
chr5	143529
chr5	143564
chr5	143642
chr5	143766
chr5	144304
chr5	144896
chr5	145266
chr5	145349
chr5	145595
chr5	146059
chr5	146763
chr5	146908
chr5	147198
chr5	147281
chr5	147374
chr5	147701
chr5	148327
chr5	148768
chr5	148985
chr5	148995
chr5	149086
chr5	149268
chr5	150653
chr5	151410
chr5	151469
chr5	151592
chr5	151711
chr5	151856
chr5	151860
chr5	152019
chr5	152625
chr5	152803
chr5	153062
chr5	153871
chr5	153926
chr5	153942
chr5	153944
chr5	154097
chr5	154386
chr5	154880
chr5	154992
chr5	155009
chr5	155060
chr5	155263
chr5	155313
chr5	155596
chr5	155609
chr6	424
chr6	660
chr6	1186
chr6	1514
chr6	1517
chr6	1927
chr6	1937
chr6	2008
chr6	2313
chr6	2783
chr6	2887
chr6	3212
chr6	3416
chr6	3430
chr6	3630
chr6	3820
chr6	3844
chr6	3941
chr6	4096
chr6	4386
chr6	4872
chr6	5327
chr6	5686
chr6	5696
chr6	5901
chr6	5938
chr6	6019
chr6	6722
chr6	6938
chr6	6941
chr6	7025
chr6	7564
chr6	7686
chr6	7983
chr6	8659
chr6	8661
chr6	8911
chr6	9201
chr6	9510
chr6	9582
chr6	9587
chr6	10096
chr6	10915
chr6	11560
chr6	12210
chr6	12221
chr6	12306
chr6	12610
chr6	12619
chr6	12669
chr6	12881
chr6	13411
chr6	13504
chr6	13505
chr6	13794
chr6	14633
chr6	14950
chr6	15082
chr6	15141
chr6	15147
chr6	15705
chr6	15715
chr6	16153
chr6	16154
chr6	16160
chr6	16264
chr6	16372
chr6	17191
chr6	17701
chr6	17897
chr6	18350
chr6	18355
chr6	18529
chr6	18537
chr6	18601
chr6	19169
chr6	19609
chr6	21474
chr6	21571
chr6	21753
chr6	21769
chr6	22276
chr6	22548
chr6	23335
chr6	23793
chr6	23952
chr6	24146
chr6	24368
chr6	24556
chr6	24585
chr6	24591
chr6	24816
chr6	25196
chr6	25298
chr6	25608
chr6	25831
chr6	26152
chr6	26306
chr6	26406
chr6	27004
chr6	27524
chr6	27676
chr6	27694
chr6	27703
chr6	27824
chr6	27952
chr6	28113
chr6	28142
chr6	28466
chr6	28639
chr6	29862
chr6	30021
chr6	30294
chr6	30791
chr6	30807
chr6	31555
chr6	31743
chr6	32022
chr6	32788
chr6	32792
chr6	32931
chr6	33089
chr6	33095
chr6	33595
chr6	33799
chr6	34759
chr6	34773
chr6	35377
chr6	35718
chr6	36172
chr6	36321
chr6	36385
chr6	37141
chr6	37195
chr6	37234
chr6	37521
chr6	38271
chr6	38284
chr6	38631
chr6	38632
chr6	39231
chr6	39323
chr6	39353
chr6	39360
chr6	39574
chr6	39719
chr6	40108
chr6	40476
chr6	40484
chr6	40828
chr6	41142
chr6	41143
chr6	41491
chr6	41584
chr6	42434
chr6	43180
chr6	43248
chr6	43530
chr6	44396
chr6	44512
chr6	44515
chr6	44826
chr6	44829
chr6	45171
chr6	45174
chr6	45385
chr6	45386
chr6	46429
chr6	46557
chr6	47063
chr6	47092
chr6	47278
chr6	47455
chr6	47478
chr6	48412
chr6	49023
chr6	49062
chr6	49158
chr6	49459
chr6	49720
chr6	49868
chr6	50128
chr6	50273
chr6	50286
chr6	50366
chr6	50371
chr6	50804
chr6	51448
chr6	52369
chr6	52543
chr6	52802
chr6	53197
chr6	53466
chr6	53469
chr6	53562
chr6	53610
chr6	53935
chr6	54690
chr6	55241
chr6	56646
chr6	56728
chr6	57413
chr6	57477
chr6	57734
chr6	58025
chr6	58476
chr6	58548
chr6	59571
chr6	59635
chr6	59648
chr6	60651
chr6	60694
chr6	61638
chr6	61641
chr6	61823
chr6	61939
chr6	62023
chr6	62541
chr6	62919
chr6	63414
chr6	63422
chr6	63458
chr6	63993
chr6	64112
chr6	64430
chr6	64732
chr6	64739
chr6	65104
chr6	65695
chr6	66248
chr6	66790
chr6	66792
chr6	67504
chr6	67756
chr6	67876
chr6	68281
chr6	68411
chr6	68430
chr6	68646
chr6	69041
chr6	69222
chr6	69556
chr6	69628
chr6	69658
chr6	69749
chr6	69976
chr6	71060
chr6	71373
chr6	71378
chr6	71440
chr6	71658
chr6	72731
chr6	72883
chr6	73712
chr6	73719
chr6	74130
chr6	74776
chr6	74778
chr6	75014
chr6	75720
chr6	76256
chr6	76494
chr6	76577
chr6	76598
chr6	76654
chr6	77249
chr6	77408
chr6	77504
chr6	77505
chr6	77714
chr6	78548
chr6	78556
chr6	79893
chr6	79910
chr6	80536
chr6	80901
chr6	80903
chr6	81175
chr6	81371
chr6	81641
chr6	81860
chr6	81930
chr6	82229
chr6	82567
chr6	82746
chr6	83273
chr6	83297
chr6	83406
chr6	84519
chr6	84930
chr6	84952
chr6	84994
chr6	85145
chr6	85179
chr6	85425
chr6	85590
chr6	85755
chr6	86844
chr6	87053
chr6	88572
chr6	88711
chr6	88867
chr6	89356
chr6	90260
chr6	90282
chr6	90315
chr6	90317
chr6	90694
chr6	91173
chr6	91324
chr6	91343
chr6	91825
chr6	91988
chr6	92015
chr6	92420
chr6	92422
chr6	92451
chr6	92999
chr6	93007
chr6	93422
chr6	94138
chr6	94670
chr6	95194
chr6	95263
chr6	95547
chr6	95770
chr6	95984
chr6	96009
chr6	96956
chr6	96957
chr6	97225
chr6	97233
chr6	97748
chr6	98328
chr6	98597
chr6	98792
chr6	99269
chr6	99566
chr6	99567
chr6	99725
chr6	100482
chr6	100560
chr6	100768
chr6	100772
chr6	101206
chr6	101490
chr6	101567
chr6	101572
chr6	101576
chr6	101586
chr6	101599
chr6	102017
chr6	102033
chr6	102211
chr6	102392
chr6	102845
chr6	102883
chr6	103624
chr6	103651
chr6	103652
chr6	103673
chr6	103893
chr6	104453
chr6	104465
chr6	104913
chr6	104914
chr6	105438
chr6	105822
chr6	106087
chr6	106265
chr6	106684
chr6	107001
chr6	107143
chr6	107322
chr6	107355
chr6	108098
chr6	108101
chr6	108221
chr6	108795
chr6	109179
chr6	109244
chr6	109482
chr6	109759
chr6	109911
chr6	109935
chr6	110742
chr6	110854
chr6	110875
chr6	111625
chr6	111631
chr6	111738
chr6	111754
chr6	111935
chr6	112849
chr6	112858
chr6	113367
chr6	113553
chr6	113620
chr6	115459
chr6	115462
chr6	115518
chr6	115953
chr6	116692
chr6	117149
chr6	117156
chr6	117211
chr6	117291
chr6	117298
chr6	117595
chr6	117596
chr6	118143
chr6	118807
chr6	118812
chr6	118830
chr6	119330
chr6	119369
chr6	119811
chr6	120834
chr6	121301
chr6	122267
chr6	123325
chr6	124657
chr6	124659
chr6	124948
chr6	126292
chr6	126293
chr6	127286
chr6	127473
chr6	127507
chr6	127697
chr6	128194
chr6	128272
chr6	128619
chr6	128624
chr6	128919
chr6	128948
chr6	129159
chr6	129207
chr6	129366
chr6	129574
chr6	129826
chr6	130509
chr6	130987
chr6	131140
chr6	131142
chr6	131167
chr6	131254
chr6	131427
chr6	131429
chr6	132022
chr6	132401
chr6	132573
chr6	132879
chr6	132931
chr6	133464
chr6	134441
chr6	135820
chr6	136056
chr6	136083
chr6	136603
chr6	136611
chr6	136710
chr6	137072
chr6	137446
chr6	137745
chr6	138144
chr6	138845
chr6	139400
chr6	139561
chr6	139749
chr6	139750
chr6	139869
chr6	139878
chr6	140110
chr6	140981
chr6	141002
chr6	141605
chr6	141722
chr6	141968
chr6	142248
chr6	142407
chr6	142888
chr6	143141
chr6	143145
chr6	143751
chr6	144405
chr6	144875
chr6	146024
chr6	146190
chr6	146669
chr6	146946
chr6	146960
chr6	148221
chr6	148222
chr6	148602
chr6	148831
chr6	149031
chr6	149223
chr6	149249
chr6	149447
chr6	149493
chr6	149862
chr6	149879
chr6	150763
chr6	151099
chr6	151137
chr6	151349
chr6	151550
chr6	151984
chr6	152323
chr6	152457
chr6	152887
chr6	152995
chr6	154249
chr6	154256
chr6	154754
chr6	154848
chr6	155789
chr6	156017
chr6	156019
chr7	46
chr7	946
chr7	1014
chr7	1018
chr7	1195
chr7	1533
chr7	1789
chr7	1826
chr7	2370
chr7	2792
chr7	2921
chr7	2963
chr7	3014
chr7	3303
chr7	3308
chr7	3438
chr7	3449
chr7	4097
chr7	4268
chr7	5080
chr7	5299
chr7	6521
chr7	6527
chr7	7100
chr7	7117
chr7	7220
chr7	7392
chr7	7693
chr7	7855
chr7	7859
chr7	8204
chr7	8622
chr7	9077
chr7	9186
chr7	9300
chr7	9512
chr7	9515
chr7	9714
chr7	10001
chr7	10147
chr7	10231
chr7	10341
chr7	10366
chr7	10740
chr7	10757
chr7	11058
chr7	11347
chr7	11588
chr7	12392
chr7	13122
chr7	14848
chr7	14986
chr7	16623
chr7	16695
chr7	16697
chr7	16745
chr7	16747
chr7	17614
chr7	17620
chr7	18235
chr7	18299
chr7	18679
chr7	18680
chr7	18834
chr7	18955
chr7	18970
chr7	19086
chr7	19449
chr7	19469
chr7	19794
chr7	20840
chr7	20850
chr7	20964
chr7	21716
chr7	21738
chr7	21770
chr7	22256
chr7	22273
chr7	23155
chr7	23178
chr7	23915
chr7	24054
chr7	24786
chr7	25100
chr7	25132
chr7	25830
chr7	26038
chr7	27139
chr7	28163
chr7	28602
chr7	29906
chr7	29914
chr7	30034
chr7	30308
chr7	30771
chr7	30870
chr7	31036
chr7	31042
chr7	31627
chr7	31720
chr7	31925
chr7	32516
chr7	32574
chr7	32908
chr7	32969
chr7	33388
chr7	33556
chr7	34028
chr7	34122
chr7	35357
chr7	35647
chr7	36428
chr7	36471
chr7	36543
chr7	36546
chr7	37398
chr7	37773
chr7	38513
chr7	38927
chr7	39091
chr7	39380
chr7	39545
chr7	41011
chr7	41618
chr7	41750
chr7	42177
chr7	42344
chr7	42705
chr7	42721
chr7	42723
chr7	42726
chr7	43031
chr7	44435
chr7	44463
chr7	44466
chr7	45044
chr7	45438
chr7	45439
chr7	45558
chr7	45786
chr7	46012
chr7	48630
chr7	49327
chr7	50052
chr7	50769
chr7	50828
chr7	50897
chr7	51052
chr7	51168
chr7	51750
chr7	51795
chr7	52464
chr7	52544
chr7	52602
chr7	52612
chr7	52664
chr7	53282
chr7	53296
chr7	54390
chr7	55974
chr7	56193
chr7	56890
chr7	56896
chr7	58012
chr7	58361
chr7	58388
chr7	58725
chr7	59369
chr7	59586
chr7	59613
chr7	60562
chr7	60586
chr7	60844
chr7	60960
chr7	61479
chr7	61752
chr7	61837
chr7	62310
chr7	62324
chr7	62954
chr7	62956
chr7	64503
chr7	64732
chr7	64739
chr7	64989
chr7	65812
chr7	66117
chr7	66213
chr7	66538
chr7	66869
chr7	67187
chr7	67417
chr7	67454
chr7	67624
chr7	67651
chr7	67935
chr7	67943
chr7	68066
chr7	68972
chr7	69310
chr7	70117
chr7	72025
chr7	72566
chr7	72893
chr7	73004
chr7	73195
chr7	73304
chr7	74061
chr7	74729
chr7	77016
chr7	77647
chr7	79623
chr7	80094
chr7	80105
chr7	80539
chr7	81126
chr7	82011
chr7	82017
chr7	82914
chr7	83745
chr7	83849
chr7	83985
chr7	84381
chr7	84665
chr7	84809
chr7	85292
chr7	85448
chr7	85454
chr7	85457
chr7	86359
chr7	86361
chr7	88120
chr7	89153
chr7	90423
chr7	92961
chr7	93951
chr7	96272
chr7	96699
chr7	96724
chr7	97602
chr7	97625
chr7	97820
chr7	98579
chr7	98588
chr7	98811
chr7	98814
chr7	99111
chr7	99134
chr7	100120
chr7	100124
chr7	100699
chr7	100770
chr7	100772
chr7	100774
chr7	101676
chr7	101680
chr7	101684
chr7	101798
chr7	101806
chr7	102067
chr7	102071
chr7	102395
chr7	102396
chr7	102401
chr7	102409
chr7	103372
chr7	104390
chr7	105727
chr7	105920
chr7	105922
chr7	106528
chr7	106750
chr7	106751
chr7	107415
chr7	107486
chr7	107539
chr7	107540
chr7	107552
chr7	107908
chr7	108117
chr7	109587
chr7	110718
chr7	111460
chr7	111461
chr7	111752
chr7	111886
chr7	112530
chr7	112618
chr7	114811
chr7	114830
chr7	115028
chr7	115686
chr7	117075
chr7	117190
chr7	117480
chr7	117608
chr7	118384
chr7	118591
chr7	118592
chr7	118736
chr7	118748
chr7	119228
chr7	119739
chr7	119818
chr7	120030
chr7	120033
chr7	122087
chr7	123139
chr7	124577
chr7	125181
chr7	125657
chr7	125660
chr7	125669
chr7	125969
chr7	126147
chr7	126163
chr7	127484
chr7	128385
chr7	128386
chr7	128824
chr7	130145
chr7	130173
chr7	130710
chr7	131210
chr7	131213
chr7	131700
chr7	133212
chr7	133623
chr7	133624
chr7	133631
chr7	133890
chr7	134142
chr7	134178
chr7	134478
chr7	135183
chr7	135211
chr7	135335
chr7	135355
chr7	135558
chr7	135567
chr7	137156
chr7	137659
chr7	137660
chr7	138664
chr7	140671
chr7	141370
chr7	141906
chr7	141910
chr7	142083
chr7	142960
chr7	143011
chr7	143284
chr7	143299
chr7	143305
chr7	143379
chr7	144032
chr7	145443
chr7	148015
chr7	148385
chr7	148926
chr7	149262
chr7	149515
chr7	149814
chr7	149878
chr7	149889
chr7	149986
chr7	150811
chr7	151802
chr7	152917
chr7	153016
chr7	153031
chr7	154537
chr7	154541
chr8	126
chr8	838
chr8	1991
chr8	1992
chr8	4207
chr8	4671
chr8	5589
chr8	5648
chr8	6377
chr8	6725
chr8	7831
chr8	9587
chr8	9722
chr8	9740
chr8	10217
chr8	11891
chr8	12260
chr8	13109
chr8	13113
chr8	13327
chr8	13329
chr8	13337
chr8	14250
chr8	14251
chr8	14389
chr8	14516
chr8	14536
chr8	14642
chr8	14644
chr8	15685
chr8	15692
chr8	16067
chr8	16081
chr8	17037
chr8	17106
chr8	17168
chr8	17633
chr8	18075
chr8	18080
chr8	21143
chr8	22387
chr8	22390
chr8	24842
chr8	24873
chr8	25097
chr8	25102
chr8	25195
chr8	25240
chr8	27955
chr8	28974
chr8	29636
chr8	30016
chr8	31268
chr8	32512
chr8	33772
chr8	34254
chr8	34315
chr8	34340
chr8	34745
chr8	34760
chr8	34770
chr8	35650
chr8	35688
chr8	35789
chr8	35909
chr8	36222
chr8	36320
chr8	36443
chr8	37425
chr8	37688
chr8	37883
chr8	38838
chr8	39162
chr8	39358
chr8	39369
chr8	39846
chr8	40072
chr8	41627
chr8	41942
chr8	41960
chr8	42345
chr8	42506
chr8	42635
chr8	42808
chr8	42814
chr8	43183
chr8	43349
chr8	43407
chr8	43685
chr8	43711
chr8	44212
chr8	44370
chr8	44386
chr8	44913
chr8	45856
chr8	45961
chr8	46748
chr8	47439
chr8	47745
chr8	47747
chr8	47768
chr8	48189
chr8	48719
chr8	48881
chr8	49245
chr8	49276
chr8	49940
chr8	50079
chr8	50087
chr8	50276
chr8	50753
chr8	50801
chr8	52212
chr8	52226
chr8	53236
chr8	54832
chr8	55791
chr8	57900
chr8	57908
chr8	57914
chr8	58296
chr8	58359
chr8	58367
chr8	59046
chr8	59073
chr8	59333
chr8	60570
chr8	60608
chr8	60774
chr8	61623
chr8	62396
chr8	63089
chr8	64483
chr8	66225
chr8	67614
chr8	67624
chr8	67638
chr8	67639
chr8	68902
chr8	69436
chr8	69448
chr8	71056
chr8	72538
chr8	72763
chr8	73038
chr8	74833
chr8	74837
chr8	75354
chr8	75404
chr8	75412
chr8	76348
chr8	79073
chr8	79530
chr8	79904
chr8	80013
chr8	80419
chr8	81228
chr8	81233
chr8	83301
chr8	84055
chr8	84644
chr8	84930
chr8	84944
chr8	86576
chr8	86577
chr8	86887
chr8	87129
chr8	89861
chr8	89876
chr8	91156
chr8	91575
chr8	91617
chr8	92361
chr8	92368
chr8	93318
chr8	93625
chr8	93641
chr8	93645
chr8	93652
chr8	95337
chr8	96090
chr8	96159
chr8	96168
chr8	97329
chr8	99115
chr8	100192
chr8	100195
chr8	100630
chr8	102054
chr8	102677
chr8	102697
chr8	103446
chr8	103521
chr8	104195
chr8	107270
chr8	114434
chr8	116428
chr8	116470
chr8	117701
chr8	118254
chr8	118479
chr8	119313
chr8	119320
chr8	120267
chr8	121116
chr8	122726
chr8	123075
chr8	123725
chr8	124102
chr8	129905
chr8	129906
chr8	130063
chr8	130109
chr8	131719
chr8	131843
chr8	132958
chr8	134290
chr8	134310
chr8	134312
chr8	134589
chr8	135478
chr8	137514
chr8	137531
chr8	138324
chr8	138333
chr8	138340
chr8	138569
chr8	139172
chr8	142640
chr8	144016
chr8	145508
chr8	146216
chr8	146226
chr8	146906
chr8	147213
chr8	147374
chr8	148049
chr8	148672
chr8	150535
chr8	150666
chr8	151176
chr8	151256
chr8	151267
chr8	152652
chr8	152812
chr8	152818
chr8	154754
chr9	2489
chr9	2490
chr9	4521
chr9	4737
chr9	5392
chr9	5987
chr9	6306
chr9	6619
chr9	6882
chr9	6981
chr9	7005
chr9	8162
chr9	8688
chr9	8703
chr9	9082
chr9	13627
chr9	13881
chr9	15992
chr9	19121
chr9	19150
chr9	19222
chr9	19473
chr9	19604
chr9	20696
chr9	21499
chr9	22957
chr9	24685
chr9	24907
chr9	26179
chr9	26184
chr9	26831
chr9	27296
chr9	27942
chr9	27965
chr9	28973
chr9	29513
chr9	31758
chr9	31762
chr9	31785
chr9	32191
chr9	32407
chr9	32410
chr9	33505
chr9	34951
chr9	36537
chr9	36799
chr9	38597
chr9	38601
chr9	38619
chr9	38695
chr9	39789
chr9	40354
chr9	40635
chr9	42388
chr9	42400
chr9	42402
chr9	44212
chr9	44233
chr9	45140
chr9	46985
chr9	46988
chr9	47942
chr9	48978
chr9	49468
chr9	49473
chr9	53249
chr9	53270
chr9	53272
chr9	54056
chr9	54717
chr9	57285
chr9	57309
chr9	61966
chr9	62213
chr9	62215
chr9	62550
chr9	62563
chr9	65199
chr9	65206
chr9	65208
chr9	65330
chr9	65854
chr9	67084
chr9	68322
chr9	68993
chr9	69002
chr9	69724
chr9	69727
chr9	70486
chr9	74098
chr9	75592
chr9	75597
chr9	76274
chr9	76279
chr9	76636
chr9	78581
chr9	78585
chr9	79985
chr9	80527
chr9	80528
chr9	82793
chr9	83527
chr9	83597
chr9	84053
chr9	84076
chr9	85893
chr9	86966
chr9	86980
chr9	86986
chr9	86993
chr9	88342
chr9	89862
chr9	92798
chr9	92806
chr9	96330
chr9	96331
chr9	98629
chr9	100361
chr9	100843
chr9	101383
chr9	103255
chr9	103403
chr9	105401
chr9	106197
chr9	106217
chr9	106390
chr9	106391
chr9	106412
chr9	106886
chr9	112362
chr9	112367
chr9	112446
chr9	112491
chr9	113326
chr9	114294
chr9	116594
chr9	117629
chr9	118061
chr9	118062
chr9	118484
chr9	120175
chr9	120784
chr9	120835
chr9	122312
chr9	125852
chr9	126413
chr9	130665
chr9	130677
chr9	133311
chr9	133337
chr9	134319
chr9	134400
chr9	135801
chr9	135803
chr9	135825
chr9	139556
chr9	140085
chr9	143263
chr9	143276
chr9	143919
chr9	150474
chr9	151031
chr9	151032
chr9	151054
chr9	152094
chr9	152323
chr9	152325
chr9	155206
chr9	155208
chr9	155386
chr10	1357
chr10	3483
chr10	3485
chr10	3821
chr10	4360
chr10	4386
chr10	6075
chr10	9056
chr10	13124
chr10	13184
chr10	14080
chr10	14084
chr10	15388
chr10	16889
chr10	21467
chr10	22769
chr10	27712
chr10	27751
chr10	27753
chr10	30580
chr10	30582
chr10	30584
chr10	31795
chr10	31813
chr10	31821
chr10	36511
chr10	36790
chr10	37097
chr10	40483
chr10	42774
chr10	42793
chr10	44214
chr10	44609
chr10	44635
chr10	46178
chr10	46179
chr10	48231
chr10	49721
chr10	50082
chr10	50106
chr10	53647
chr10	53648
chr10	54151
chr10	54153
chr10	54164
chr10	56045
chr10	62321
chr10	62335
chr10	62741
chr10	63602
chr10	65901
chr10	66140
chr10	69689
chr10	71718
chr10	71719
chr10	71722
chr10	71723
chr10	72931
chr10	75019
chr10	75022
chr10	75619
chr10	75971
chr10	76098
chr10	76359
chr10	76368
chr10	81017
chr10	81610
chr10	81910
chr10	82812
chr10	84475
chr10	89793
chr10	90057
chr10	90162
chr10	93940
chr10	93965
chr10	93966
chr10	96172
chr10	96276
chr10	97477
chr10	100191
chr10	101294
chr10	101297
chr10	102680
chr10	107392
chr10	107406
chr10	107422
chr10	108609
chr10	109883
chr10	114058
chr10	114059
chr10	114064
chr10	120884
chr10	124964
chr10	125858
chr10	125865
chr10	125875
chr10	133094
chr10	135495
chr10	136844
chr10	137043
chr10	137046
chr10	138880
chr10	141727
chr10	143371
chr10	149372
chr10	152660
chr10	155584
chr11	1467
chr11	1470
chr11	1472
chr11	1897
chr11	1906
chr11	4577
chr11	13256
chr11	14296
chr11	15161
chr11	15163
chr11	15188
chr11	17846
chr11	20085
chr11	23274
chr11	24643
chr11	28447
chr11	28448
chr11	31588
chr11	34996
chr11	35815
chr11	43912
chr11	43915
chr11	49832
chr11	55520
chr11	61108
chr11	65654
chr11	65655
chr11	71711
chr11	74667
chr11	74669
chr11	75033
chr11	75572
chr11	75576
chr11	75589
chr11	75593
chr11	75594
chr11	76012
chr11	76832
chr11	79658
chr11	83265
chr11	83888
chr11	87309
chr11	87311
chr11	88212
chr11	93194
chr11	94240
chr11	97564
chr11	99727
chr11	116436
chr11	116449
chr11	119949
chr11	128928
chr11	129772
chr11	130922
chr11	132490
chr11	135637
chr11	140281
chr11	140284
chr11	143872
chr11	144568
chr11	145725
chr11	151904
chr12	6176
chr12	6181
chr12	6187
chr12	6807
chr12	13423
chr12	13425
chr12	14123
chr12	14146
chr12	20365
chr12	20370
chr12	25644
chr12	30231
chr12	31733
chr12	37518
chr12	41717
chr12	45676
chr12	46090
chr12	46109
chr12	48137
chr12	52373
chr12	56635
chr12	56639
chr12	56640
chr12	58921
chr12	59925
chr12	60234
chr12	60249
chr12	65155
chr12	66138
chr12	69161
chr12	72421
chr12	77084
chr12	77085
chr12	78866
chr12	84797
chr12	85345
chr12	94145
chr12	94148
chr12	96078
chr12	100060
chr12	100074
chr12	117342
chr12	122858
chr12	124804
chr12	152368
chr12	155346
chr13	904
chr13	6486
chr13	8382
chr13	15770
chr13	15779
chr13	16087
chr13	16089
chr13	18569
chr13	18775
chr13	19660
chr13	19674
chr13	24058
chr13	24365
chr13	31706
chr13	31708
chr13	31710
chr13	31711
chr13	39108
chr13	39125
chr13	53695
chr13	53701
chr13	54476
chr13	67468
chr13	74489
chr13	74515
chr13	85134
chr13	96652
chr13	101933
chr13	104052
chr13	105341
chr13	115174
chr13	119193
chr13	122642
chr13	122645
chr13	125218
chr13	148131
chr13	149549
chr13	149553
chr13	149556
chr13	150030
chr13	152756
chr13	152774
chr14	5045
chr14	5074
chr14	5656
chr14	8614
chr14	26594
chr14	27040
chr14	33232
chr14	33238
chr14	33549
chr14	40259
chr14	40280
chr14	56640
chr14	58202
chr14	59390
chr14	62541
chr14	62542
chr14	62885
chr14	64327
chr14	71813
chr14	75943
chr14	76071
chr14	85580
chr14	87448
chr14	87453
chr14	87938
chr14	90176
chr14	90717
chr14	96512
chr14	101320
chr14	113132
chr14	118951
chr14	118974
chr14	119416
chr14	123022
chr14	124017
chr14	130240
chr14	138632
chr14	143610
chr14	146675
chr14	148125
chr15	8686
chr15	19371
chr15	25348
chr15	33857
chr15	38811
chr15	38813
chr15	38815
chr15	42681
chr15	47464
chr15	54844
chr15	59443
chr15	81198
chr15	86116
chr15	86122
chr15	86646
chr15	89130
chr15	91497
chr15	91653
chr15	97447
chr15	97448
chr15	103606
chr15	106866
chr15	116092
chr15	124713
chr15	127191
chr15	128367
chr15	128374
chr15	131745
chr15	143248
chr15	143276
chr15	145326
chr15	148432
chr15	149194
chr15	149693
chr15	149718
chr16	9546
chr16	9572
chr16	13022
chr16	22146
chr16	33560
chr16	33570
chr16	34313
chr16	34316
chr16	34857
chr16	41816
chr16	41822
chr16	44434
chr16	51883
chr16	51884
chr16	72245
chr16	74744
chr16	76723
chr16	76746
chr16	78172
chr16	78197
chr16	84223
chr16	89350
chr16	89649
chr16	89650
chr16	89793
chr16	98248
chr16	98253
chr16	101529
chr16	105740
chr16	105779
chr16	117277
chr16	130886
chr16	142852
chr16	142881
chr16	154830
chr17	1101
chr17	3797
chr17	5349
chr17	7658
chr17	7659
chr17	7665
chr17	39883
chr17	39929
chr17	40216
chr17	40218
chr17	40219
chr17	64762
chr17	65156
chr17	70685
chr17	71743
chr17	71858
chr17	74010
chr17	81954
chr17	91393
chr17	103099
chr17	105492
chr17	109629
chr17	110691
chr17	131448
chr17	133639
chr17	136361
chr17	139759
chr17	139924
chr17	145156
chr17	145157
chr17	145163
chr17	147704
chr18	23129
chr18	23130
chr18	25747
chr18	31172
chr18	31688
chr18	33773
chr18	33776
chr18	45651
chr18	45660
chr18	78312
chr18	98898
chr18	113822
chr18	125287
chr18	129067
chr18	132390
chr18	139004
chr18	147390
chr18	148367
chr18	149302
chr18	151768
chr18	155048
chr19	2948
chr19	5764
chr19	5790
chr19	15388
chr19	16744
chr19	16745
chr19	16750
chr19	25751
chr19	27523
chr19	27964
chr19	43409
chr19	53610
chr19	58553
chr19	73052
chr19	74279
chr19	74288
chr19	85349
chr19	86358
chr19	86362
chr19	90477
chr19	109141
chr19	109143
chr19	109146
chr19	109148
chr19	112899
chr19	112912
chr19	116766
chr19	119743
chr19	119849
chr19	123122
chr19	123153
chr19	127358
chr19	127363
chr19	137912
chr19	142498
chr19	142514
chr19	142945
chr19	143472
chr19	147546
chr20	2424
chr20	22980
chr20	23153
chr20	36138
chr20	36822
chr20	37681
chr20	37683
chr20	37685
chr20	43965
chr20	53072
chr20	53074
chr20	53081
chr20	72352
chr20	74886
chr20	74887
chr20	77958
chr20	78909
chr20	80574
chr20	80578
chr20	80579
chr20	87987
chr20	87990
chr20	88076
chr20	97676
chr20	105379
chr20	108969
chr20	111571
chr20	111644
chr20	120396
chr20	123872
chr20	127413
chr20	127414
chr20	135531
chr20	141382
chr20	141383
chr20	146238
chr20	146561
chr20	146572
chr20	146586
chr20	148244
chr20	148245
chr20	149648
chr20	149878
chr21	3068
chr21	11549
chr21	18602
chr21	18607
chr21	24162
chr21	24163
chr21	26054
chr21	36961
chr21	44882
chr21	47708
chr21	52048
chr21	52059
chr21	52065
chr21	52066
chr21	62430
chr21	69680
chr21	75823
chr21	77788
chr21	83537
chr21	83999
chr21	88090
chr21	99942
chr21	108163
chr21	108178
chr21	121253
chr21	121257
chr21	121279
chr21	124751
chr21	124766
chr21	124770
chr21	124988
chr21	127857
chr21	144120
chr22	10704
chr22	13921
chr22	24260
chr22	29807
chr22	33687
chr22	49438
chr22	50984
chr22	54437
chr22	54443
chr22	57789
chr22	57792
chr22	58160
chr22	63544
chr22	67741
chr22	79931
chr22	84138
chr22	84141
chr22	88269
chr22	97916
chr22	100109
chr22	100877
chr22	113452
chr22	128419
chr22	131372
chr22	133567
chr22	133568
chr22	153785
chr23	2539
chr23	5898
chr23	19090
chr23	19111
chr23	21015
chr23	22345
chr23	34026
chr23	52169
chr23	52190
chr23	52193
chr23	63607
chr23	70408
chr23	70412
chr23	70414
chr23	70427
chr23	75315
chr23	80237
chr23	80242
chr23	82357
chr23	83459
chr23	93213
chr23	100542
chr23	117629
chr23	127831
chr23	136577
chr23	136668
chr23	138994
chr24	3799
chr24	3810
chr24	13763
chr24	15846
chr24	15870
chr24	26090
chr24	27944
chr24	38203
chr24	38454
chr24	39822
chr24	59296
chr24	59302
chr24	59324
chr24	62499
chr24	63099
chr24	63103
chr24	76172
chr24	80214
chr24	80217
chr24	80220
chr24	87993
chr24	92654
chr24	101977
chr24	134109
chr24	134111
chr24	145372
chr25	3321
chr25	6382
chr25	17324
chr25	17334
chr25	17347
chr25	17348
chr25	35362
chr25	41981
chr25	41982
chr25	42851
chr25	60383
chr25	60384
chr25	63768
chr25	76074
chr25	76101
chr25	86874
chr25	86879
chr25	86901
chr25	97081
chr25	106890
chr25	106902
chr25	106909
chr25	120376
chr25	120378
chr25	120380
chr25	123235
chr25	123237
chr25	124480
chr26	3789
chr26	10064
chr26	29563
chr26	30725
chr26	32154
chr26	44666
chr26	56956
chr26	56973
chr26	61622
chr26	68840
chr26	75893
chr26	76958
chr26	87994
chr26	100960
chr26	101487
chr26	104849
chr26	107306
chr26	107313
chr26	113860
chr26	121073
chr26	125154
chr26	126801
chr26	126804
chr26	130629
chr27	7025
chr27	7031
chr27	12619
chr27	12628
chr27	23695
chr27	24130
chr27	35380
chr27	35384
chr27	48466
chr27	48468
chr27	62321
chr27	62323
chr27	66175
chr27	66180
chr27	76614
chr27	78256
chr27	79551
chr27	81246
chr27	90076
chr27	90080
chr27	91804
chr27	91811
chr27	100811
chr27	104152
chr27	104179
chr27	109509
chr27	109556
chr27	109560
chr27	115974
chr27	118198
chr27	121436
chr27	121440
chr27	127646
chr27	131142
chr27	137548
chr28	8400
chr28	9853
chr28	12598
chr28	13331
chr28	14128
chr28	16399
chr28	16766
chr28	20480
chr28	30573
chr28	32659
chr28	32682
chr28	33744
chr28	34226
chr28	35610
chr28	39717
chr28	43180
chr28	47371
chr28	58193
chr28	67065
chr28	67764
chr28	67769
chr28	67782
chr28	67944
chr28	74743
chr28	74746
chr28	83575
chr28	83585
chr28	83588
chr28	97055
chr28	99163
chr28	102315
chr28	103093
chr28	103098
chr28	104792
chr28	104794
chr28	104829
chr28	105597
chr28	107934
chr28	109905
chr28	115838
chr28	118158
chr28	122431
chr28	137682
chr28	142787
chr28	151809
chr28	155524
chr29	4354
chr29	13647
chr29	13672
chr29	19028
chr29	19415
chr29	20670
chr29	25701
chr29	25767
chr29	28917
chr29	29042
chr29	30734
chr29	30736
chr29	31434
chr29	33168
chr29	33181
chr29	33187
chr29	33887
chr29	44416
chr29	46099
chr29	52337
chr29	59591
chr29	63278
chr29	74315
chr29	77346
chr29	79413
chr29	86037
chr29	86615
chr29	88145
chr29	88947
chr29	88954
chr29	89711
chr29	93858
chr29	94545
chr29	94748
chr29	96124
chr29	96283
chr29	101437
chr29	103562
chr29	105364
chr29	106678
chr29	120102
chr29	120930
chr29	120934
chr29	120935
chr29	123173
chr29	123175
chr29	125721
chr29	125752
chr29	125781
chr29	127856
chr29	127861
chr29	127867
chr29	132954
chr29	136409
chr29	136410
chr29	139722
chr29	143241
chr29	155380
chr30	389
chr30	2658
chr30	3040
chr30	3056
chr30	6706
chr30	6714
chr30	12693
chr30	12827
chr30	14484
chr30	18055
chr30	19494
chr30	27114
chr30	27401
chr30	27426
chr30	27430
chr30	31578
chr30	33187
chr30	35658
chr30	38574
chr30	42907
chr30	44182
chr30	49977
chr30	65549
chr30	72219
chr30	72227
chr30	73217
chr30	75236
chr30	82306
chr30	82308
chr30	88013
chr30	89146
chr30	99150
chr30	100539
chr30	104263
chr30	104429
chr30	104432
chr30	105492
chr30	118400
chr30	124975
chr30	125273
chr30	125276
chr30	135421
chr30	136556
chr30	137046
chr30	142642
chr30	142909
